1790853877.520197 3063.709966
1790853877.620197 3063.708851
1790853877.720197 3063.707702
1790853877.820197 3063.706518
1790853877.920197 3063.705301
1790853878.020197 3063.704049
1790853878.120197 3063.702764
1790853878.220197 3063.701444
1790853878.320197 3063.700090
1790853878.420197 3063.698702
1790853878.520197 3063.697280
1790853878.620197 3063.695823
1790853878.720197 3063.694332
1790853878.820197 3063.692807
1790853878.920197 3063.691248
1790853879.020197 3063.689654
1790853879.120197 3063.688026
1790853879.220197 3063.686363
1790853879.320197 3063.684667
1790853879.420197 3063.682935
1790853879.520197 3063.681170
1790853879.620197 3063.679370
1790853879.720197 3063.677535
1790853879.820197 3063.675666
1790853879.920197 3063.673763
1790853880.020197 3063.671825
1790853880.120197 3063.669852
1790853880.220197 3063.667845
1790853880.320197 3063.665804
1790853880.420197 3063.663727
1790853880.520197 3063.661616
1790853880.620197 3063.659471
1790853880.720197 3063.657291
1790853880.820197 3063.655076
1790853880.920197 3063.652826
1790853881.020197 3063.650542
1790853881.120197 3063.648223
1790853881.220197 3063.645869
1790853881.320197 3063.643480
1790853881.420197 3063.641057
1790853881.520197 3063.638599
1790853881.620197 3063.636105
1790853881.720197 3063.633577
1790853881.820197 3063.631015
1790853881.920197 3063.628417
1790853882.020197 3063.625784
1790853882.120197 3063.623116
1790853882.220197 3063.620413
1790853882.320197 3063.617676
1790853882.420197 3063.614903
1790853882.520197 3063.612095
1790853882.620197 3063.609252
1790853882.720197 3063.606374
1790853882.820197 3063.603461
1790853882.920197 3063.600513
1790853883.020197 3063.597530
1790853883.120197 3063.594511
1790853883.220197 3063.591458
1790853883.320197 3063.588369
1790853883.420197 3063.585245
1790853883.520197 3063.582085
1790853883.620197 3063.578891
1790853883.720197 3063.575661
1790853883.820197 3063.572395
1790853883.920197 3063.569095
1790853884.020197 3063.565758
1790853884.120197 3063.562387
1790853884.220197 3063.558980
1790853884.320197 3063.555538
1790853884.420197 3063.552060
1790853884.520197 3063.548547
1790853884.620197 3063.544998
1790853884.720197 3063.541414
1790853884.820197 3063.537794
1790853884.920197 3063.534139
1790853885.020197 3063.530448
1790853885.120197 3063.526722
1790853885.220197 3063.522960
1790853885.320197 3063.519162
1790853885.420197 3063.515328
1790853885.520197 3063.511459
1790853885.620197 3063.507554
1790853885.720197 3063.503614
1790853885.820197 3063.499637
1790853885.920197 3063.495625
1790853886.020197 3063.491577
1790853886.120197 3063.487493
1790853886.220197 3063.483374
1790853886.320197 3063.479218
1790853886.420197 3063.475027
1790853886.520197 3063.470800
1790853886.620197 3063.466536
1790853886.720197 3063.462237
1790853886.820197 3063.457902
1790853886.920197 3063.453531
1790853887.020197 3063.449124
1790853887.120197 3063.444680
1790853887.220197 3063.440201
1790853887.320197 3063.435686
1790853887.420197 3063.431134
1790853887.520197 3063.426546
1790853887.620197 3063.421923
1790853887.720197 3063.417263
1790853887.820197 3063.412566
1790853887.920197 3063.407834
1790853888.020197 3063.403065
1790853888.120197 3063.398260
1790853888.220197 3063.393419
1790853888.320197 3063.388541
1790853888.420197 3063.383627
1790853888.520197 3063.378677
1790853888.620197 3063.373691
1790853888.720197 3063.368667
1790853888.820197 3063.363608
1790853888.920197 3063.358512
1790853889.020197 3063.353380
1790853889.120197 3063.348211
1790853889.220197 3063.343005
1790853889.320197 3063.337763
1790853889.420197 3063.332485
1790853889.520197 3063.327170
1790853889.620197 3063.321818
1790853889.720197 3063.316429
1790853889.820197 3063.311004
1790853889.920197 3063.305543
1790853890.020197 3063.300044
1790853890.120197 3063.294509
1790853890.220197 3063.288937
1790853890.320197 3063.283328
1790853890.420197 3063.277683
1790853890.520197 3063.272001
1790853890.620197 3063.266282
1790853890.720197 3063.260526
1790853890.820197 3063.254733
1790853890.920197 3063.248903
1790853891.020197 3063.243036
1790853891.120197 3063.237132
1790853891.220197 3063.231192
1790853891.320197 3063.225214
1790853891.420197 3063.219199
1790853891.520197 3063.213148
1790853891.620197 3063.207059
1790853891.720197 3063.200933
1790853891.820197 3063.194770
1790853891.920197 3063.188570
1790853892.020197 3063.182332
1790853892.120197 3063.176058
1790853892.220197 3063.169746
1790853892.320197 3063.163397
1790853892.420197 3063.157011
1790853892.520197 3063.150587
1790853892.620197 3063.144126
1790853892.720197 3063.137628
1790853892.820197 3063.131093
1790853892.920197 3063.124520
1790853893.020197 3063.117909
1790853893.120197 3063.111262
1790853893.220197 3063.104576
1790853893.320197 3063.097854
1790853893.420197 3063.091094
1790853893.520197 3063.084296
1790853893.620197 3063.077461
1790853893.720197 3063.070588
1790853893.820197 3063.063678
1790853893.920197 3063.056730
1790853894.020197 3063.049744
1790853894.120197 3063.042721
1790853894.220197 3063.035660
1790853894.320197 3063.028561
1790853894.420197 3063.021425
1790853894.520197 3063.014250
1790853894.620197 3063.007038
1790853894.720197 3062.999789
1790853894.820197 3062.992501
1790853894.920197 3062.985175
1790853895.020197 3062.977812
1790853895.120197 3062.970411
1790853895.220197 3062.962972
1790853895.320197 3062.955495
1790853895.420197 3062.947979
1790853895.520197 3062.940426
1790853895.620197 3062.932835
1790853895.720197 3062.925206
1790853895.820197 3062.917539
1790853895.920197 3062.909833
1790853896.020197 3062.902090
1790853896.120197 3062.894308
1790853896.220197 3062.886488
1790853896.320197 3062.878630
1790853896.420197 3062.870734
1790853896.520197 3062.862800
1790853896.620197 3062.854827
1790853896.720197 3062.846816
1790853896.820197 3062.838767
1790853896.920197 3062.830679
1790853897.020197 3062.822553
1790853897.120197 3062.814388
1790853897.220197 3062.806186
1790853897.320197 3062.797944
1790853897.420197 3062.789664
1790853897.520197 3062.781346
1790853897.620197 3062.772989
1790853897.720197 3062.764594
1790853897.820197 3062.756160
1790853897.920197 3062.747688
1790853898.020197 3062.739177
1790853898.120197 3062.730627
1790853898.220197 3062.722039
1790853898.320197 3062.713412
1790853898.420197 3062.704746
1790853898.520197 3062.696041
1790853898.620197 3062.687298
1790853898.720197 3062.678516
1790853898.820197 3062.669695
1790853898.920197 3062.660835
1790853899.020197 3062.651937
1790853899.120197 3062.642999
1790853899.220197 3062.634023
1790853899.320197 3062.625007
1790853899.420197 3062.615953
1790853899.520197 3062.606860
1790853899.620197 3062.597727
1790853899.720197 3062.588556
1790853899.820197 3062.579346
1790853899.920197 3062.570096
1790853900.020197 3062.560807
1790853900.120197 3062.551480
1790853900.220197 3062.542113
1790853900.320197 3062.532707
1790853900.420197 3062.523261
1790853900.520197 3062.513777
1790853900.620197 3062.504253
1790853900.720197 3062.494690
1790853900.820197 3062.485087
1790853900.920197 3062.475445
1790853901.020197 3062.465764
1790853901.120197 3062.456044
1790853901.220197 3062.446284
1790853901.320197 3062.436484
1790853901.420197 3062.426645
1790853901.520197 3062.416767
1790853901.620197 3062.406849
1790853901.720197 3062.396891
1790853901.820197 3062.386894
1790853901.920197 3062.376857
1790853902.020197 3062.366781
1790853902.120197 3062.356665
1790853902.220197 3062.346509
1790853902.320197 3062.336314
1790853902.420197 3062.326079
1790853902.520197 3062.315804
1790853902.620197 3062.305489
1790853902.720197 3062.295135
1790853902.820197 3062.284741
1790853902.920197 3062.274306
1790853903.020197 3062.263832
1790853903.120197 3062.253318
1790853903.220197 3062.242764
1790853903.320197 3062.232171
1790853903.420197 3062.221537
1790853903.520197 3062.210863
1790853903.620197 3062.200149
1790853903.720197 3062.189395
1790853903.820197 3062.178601
1790853903.920197 3062.167766
1790853904.020197 3062.156892
1790853904.120197 3062.145977
1790853904.220197 3062.135023
1790853904.320197 3062.124028
1790853904.420197 3062.112992
1790853904.520197 3062.101917
1790853904.620197 3062.090801
1790853904.720197 3062.079645
1790853904.820197 3062.068448
1790853904.920197 3062.057211
1790853905.020197 3062.045934
1790853905.120197 3062.034616
1790853905.220197 3062.023257
1790853905.320197 3062.011859
1790853905.420197 3062.000419
1790853905.520197 3061.988939
1790853905.620197 3061.977419
1790853905.720197 3061.965858
1790853905.820197 3061.954256
1790853905.920197 3061.942614
1790853906.020197 3061.930931
1790853906.120197 3061.919207
1790853906.220197 3061.907442
1790853906.320197 3061.895637
1790853906.420197 3061.883791
1790853906.520197 3061.871904
1790853906.620197 3061.859976
1790853906.720197 3061.848008
1790853906.820197 3061.835998
1790853906.920197 3061.823948
1790853907.020197 3061.811856
1790853907.120197 3061.799724
1790853907.220197 3061.787551
1790853907.320197 3061.775336
1790853907.420197 3061.763081
1790853907.520197 3061.750784
1790853907.620197 3061.738446
1790853907.720197 3061.726067
1790853907.820197 3061.713647
1790853907.920197 3061.701186
1790853908.020197 3061.688684
1790853908.120197 3061.676140
1790853908.220197 3061.663555
1790853908.320197 3061.650928
1790853908.420197 3061.638261
1790853908.520197 3061.625552
1790853908.620197 3061.612801
1790853908.720197 3061.600009
1790853908.820197 3061.587176
1790853908.920197 3061.574301
1790853909.020197 3061.561385
1790853909.120197 3061.548427
1790853909.220197 3061.535427
1790853909.320197 3061.522386
1790853909.420197 3061.509304
1790853909.520197 3061.496179
1790853909.620197 3061.483013
1790853909.720197 3061.469806
1790853909.820197 3061.456556
1790853909.920197 3061.443265
1790853910.020197 3061.429932
1790853910.120197 3061.416557
1790853910.220197 3061.403141
1790853910.320197 3061.389682
1790853910.420197 3061.376182
1790853910.520197 3061.362639
1790853910.620197 3061.349055
1790853910.720197 3061.335429
1790853910.820197 3061.321760
1790853910.920197 3061.308050
1790853911.020197 3061.294298
1790853911.120197 3061.280503
1790853911.220197 3061.266667
1790853911.320197 3061.252788
1790853911.420197 3061.238867
1790853911.520197 3061.224904
1790853911.620197 3061.210898
1790853911.720197 3061.196850
1790853911.820197 3061.182760
1790853911.920197 3061.168628
1790853912.020197 3061.154453
1790853912.120197 3061.140236
1790853912.220197 3061.125977
1790853912.320197 3061.111675
1790853912.420197 3061.097330
1790853912.520197 3061.082943
1790853912.620197 3061.068514
1790853912.720197 3061.054042
1790853912.820197 3061.039527
1790853912.920197 3061.024970
1790853913.020197 3061.010370
1790853913.120197 3060.995728
1790853913.220197 3060.981043
1790853913.320197 3060.966315
1790853913.420197 3060.951544
1790853913.520197 3060.936730
1790853913.620197 3060.921874
1790853913.720197 3060.906975
1790853913.820197 3060.892033
1790853913.920197 3060.877048
1790853914.020197 3060.862020
1790853914.120197 3060.846949
1790853914.220197 3060.831835
1790853914.320197 3060.816678
1790853914.420197 3060.801478
1790853914.520197 3060.786235
1790853914.620197 3060.770949
1790853914.720197 3060.755620
1790853914.820197 3060.740247
1790853914.920197 3060.724831
1790853915.020197 3060.709372
1790853915.120197 3060.693870
1790853915.220197 3060.678325
1790853915.320197 3060.662736
1790853915.420197 3060.647104
1790853915.520197 3060.631428
1790853915.620197 3060.615709
1790853915.720197 3060.599947
1790853915.820197 3060.584141
1790853915.920197 3060.568292
1790853916.020197 3060.552399
1790853916.120197 3060.536463
1790853916.220197 3060.520483
1790853916.320197 3060.504459
1790853916.420197 3060.488392
1790853916.520197 3060.472281
1790853916.620197 3060.456126
1790853916.720197 3060.439928
1790853916.820197 3060.423685
1790853916.920197 3060.407399
1790853917.020197 3060.391070
1790853917.120197 3060.374696
1790853917.220197 3060.358278
1790853917.320197 3060.341817
1790853917.420197 3060.325311
1790853917.520197 3060.308762
1790853917.620197 3060.292168
1790853917.720197 3060.275531
1790853917.820197 3060.258849
1790853917.920197 3060.242124
1790853918.020197 3060.225354
1790853918.120197 3060.208540
1790853918.220197 3060.191682
1790853918.320197 3060.174779
1790853918.420197 3060.157833
1790853918.520197 3060.140842
1790853918.620197 3060.123806
1790853918.720197 3060.106727
1790853918.820197 3060.089603
1790853918.920197 3060.072434
1790853919.020197 3060.055222
1790853919.120197 3060.037964
1790853919.220197 3060.020662
1790853919.320197 3060.003316
1790853919.420197 3059.985925
1790853919.520197 3059.968490
1790853919.620197 3059.951009
1790853919.720197 3059.933485
1790853919.820197 3059.915915
1790853919.920197 3059.898301
1790853920.020197 3059.880642
1790853920.120197 3059.862938
1790853920.220197 3059.845190
1790853920.320197 3059.827396
1790853920.420197 3059.809558
1790853920.520197 3059.791675
1790853920.620197 3059.773747
1790853920.720197 3059.755773
1790853920.820197 3059.737755
1790853920.920197 3059.719692
1790853921.020197 3059.701584
1790853921.120197 3059.683431
1790853921.220197 3059.665232
1790853921.320197 3059.646988
1790853921.420197 3059.628700
1790853921.520197 3059.610366
1790853921.620197 3059.591986
1790853921.720197 3059.573562
1790853921.820197 3059.555092
1790853921.920197 3059.536577
1790853922.020197 3059.518016
1790853922.120197 3059.499410
1790853922.220197 3059.480758
1790853922.320197 3059.462061
1790853922.420197 3059.443319
1790853922.520197 3059.424531
1790853922.620197 3059.405697
1790853922.720197 3059.386818
1790853922.820197 3059.367893
1790853922.920197 3059.348923
1790853923.020197 3059.329906
1790853923.120197 3059.310844
1790853923.220197 3059.291737
1790853923.320197 3059.272583
1790853923.420197 3059.253384
1790853923.520197 3059.234138
1790853923.620197 3059.214847
1790853923.720197 3059.195510
1790853923.820197 3059.176127
1790853923.920197 3059.156698
1790853924.020197 3059.137223
1790853924.120197 3059.117702
1790853924.220197 3059.098135
1790853924.320197 3059.078521
1790853924.420197 3059.058862
1790853924.520197 3059.039156
1790853924.620197 3059.019404
1790853924.720197 3058.999606
1790853924.820197 3058.979761
1790853924.920197 3058.959871
1790853925.020197 3058.939933
1790853925.120197 3058.919950
1790853925.220197 3058.899920
1790853925.320197 3058.879844
1790853925.420197 3058.859721
1790853925.520197 3058.839551
1790853925.620197 3058.819335
1790853925.720197 3058.799073
1790853925.820197 3058.778763
1790853925.920197 3058.758408
1790853926.020197 3058.738005
1790853926.120197 3058.717556
1790853926.220197 3058.697060
1790853926.320197 3058.676517
1790853926.420197 3058.655927
1790853926.520197 3058.635291
1790853926.620197 3058.614607
1790853926.720197 3058.593877
1790853926.820197 3058.573100
1790853926.920197 3058.552276
1790853927.020197 3058.531404
1790853927.120197 3058.510486
1790853927.220197 3058.489521
1790853927.320197 3058.468508
1790853927.420197 3058.447448
1790853927.520197 3058.426342
1790853927.620197 3058.405188
1790853927.720197 3058.383986
1790853927.820197 3058.362738
1790853927.920197 3058.341442
1790853928.020197 3058.320098
1790853928.120197 3058.298707
1790853928.220197 3058.277269
1790853928.320197 3058.255784
1790853928.420197 3058.234251
1790853928.520197 3058.212670
1790853928.620197 3058.191042
1790853928.720197 3058.169366
1790853928.820197 3058.147642
1790853928.920197 3058.125871
1790853929.020197 3058.104053
1790853929.120197 3058.082186
1790853929.220197 3058.060272
1790853929.320197 3058.038310
1790853929.420197 3058.016300
1790853929.520197 3057.994242
1790853929.620197 3057.972136
1790853929.720197 3057.949982
1790853929.820197 3057.927781
1790853929.920197 3057.905531
1790853930.020197 3057.883233
1790853930.120197 3057.860887
1790853930.220197 3057.838494
1790853930.320197 3057.816051
1790853930.420197 3057.793561
1790853930.520197 3057.771023
1790853930.620197 3057.748436
1790853930.720197 3057.725801
1790853930.820197 3057.703118
1790853930.920197 3057.680386
1790853931.020197 3057.657606
1790853931.120197 3057.634777
1790853931.220197 3057.611900
1790853931.320197 3057.588975
1790853931.420197 3057.566001
1790853931.520197 3057.542978
1790853931.620197 3057.519907
1790853931.720197 3057.496787
1790853931.820197 3057.473618
1790853931.920197 3057.450401
1790853932.020197 3057.427135
1790853932.120197 3057.403820
1790853932.220197 3057.380456
1790853932.320197 3057.357044
1790853932.420197 3057.333583
1790853932.520197 3057.310072
1790853932.620197 3057.286513
1790853932.720197 3057.262905
1790853932.820197 3057.239247
1790853932.920197 3057.215541
1790853933.020197 3057.191785
1790853933.120197 3057.167981
1790853933.220197 3057.144127
1790853933.320197 3057.120224
1790853933.420197 3057.096272
1790853933.520197 3057.072270
1790853933.620197 3057.048219
1790853933.720197 3057.024119
1790853933.820197 3056.999969
1790853933.920197 3056.975770
1790853934.020197 3056.951522
1790853934.120197 3056.927224
1790853934.220197 3056.902876
1790853934.320197 3056.878479
1790853934.420197 3056.854032
1790853934.520197 3056.829536
1790853934.620197 3056.804990
1790853934.720197 3056.780394
1790853934.820197 3056.755748
1790853934.920197 3056.731053
1790853935.020197 3056.706308
1790853935.120197 3056.681513
1790853935.220197 3056.656668
1790853935.320197 3056.631773
1790853935.420197 3056.606828
1790853935.520197 3056.581833
1790853935.620197 3056.556788
1790853935.720197 3056.531693
1790853935.820197 3056.506548
1790853935.920197 3056.481352
1790853936.020197 3056.456107
1790853936.120197 3056.430811
1790853936.220197 3056.405465
1790853936.320197 3056.380068
1790853936.420197 3056.354622
1790853936.520197 3056.329124
1790853936.620197 3056.303577
1790853936.720197 3056.277979
1790853936.820197 3056.252330
1790853936.920197 3056.226631
1790853937.020197 3056.200882
1790853937.120197 3056.175081
1790853937.220197 3056.149231
1790853937.320197 3056.123329
1790853937.420197 3056.097377
1790853937.520197 3056.071374
1790853937.620197 3056.045320
1790853937.720197 3056.019215
1790853937.820197 3055.993060
1790853937.920197 3055.966853
1790853938.020197 3055.940596
1790853938.120197 3055.914287
1790853938.220197 3055.887928
1790853938.320197 3055.861517
1790853938.420197 3055.835056
1790853938.520197 3055.808543
1790853938.620197 3055.781979
1790853938.720197 3055.755364
1790853938.820197 3055.728697
1790853938.920197 3055.701980
1790853939.020197 3055.675211
1790853939.120197 3055.648390
1790853939.220197 3055.621519
1790853939.320197 3055.594595
1790853939.420197 3055.567621
1790853939.520197 3055.540594
1790853939.620197 3055.513516
1790853939.720197 3055.486387
1790853939.820197 3055.459206
1790853939.920197 3055.431973
1790853940.020197 3055.404689
1790853940.120197 3055.377353
1790853940.220197 3055.349965
1790853940.320197 3055.322525
1790853940.420197 3055.295033
1790853940.520197 3055.267489
1790853940.620197 3055.239894
1790853940.720197 3055.212246
1790853940.820197 3055.184547
1790853940.920197 3055.156795
1790853941.020197 3055.128991
1790853941.120197 3055.101135
1790853941.220197 3055.073227
1790853941.320197 3055.045267
1790853941.420197 3055.017254
1790853941.520197 3054.989189
1790853941.620197 3054.961072
1790853941.720197 3054.932903
1790853941.820197 3054.904681
1790853941.920197 3054.876406
1790853942.020197 3054.848079
1790853942.120197 3054.819700
1790853942.220197 3054.791268
1790853942.320197 3054.762783
1790853942.420197 3054.734245
1790853942.520197 3054.705655
1790853942.620197 3054.677012
1790853942.720197 3054.648317
1790853942.820197 3054.619568
1790853942.920197 3054.590767
1790853943.020197 3054.561913
1790853943.120197 3054.533006
1790853943.220197 3054.504046
1790853943.320197 3054.475033
1790853943.420197 3054.445967
1790853943.520197 3054.416847
1790853943.620197 3054.387675
1790853943.720197 3054.358449
1790853943.820197 3054.329171
1790853943.920197 3054.299838
1790853944.020197 3054.270453
1790853944.120197 3054.241014
1790853944.220197 3054.211522
1790853944.320197 3054.181977
1790853944.420197 3054.152378
1790853944.520197 3054.122725
1790853944.620197 3054.093019
1790853944.720197 3054.063260
1790853944.820197 3054.033447
1790853944.920197 3054.003580
1790853945.020197 3053.973659
1790853945.120197 3053.943685
1790853945.220197 3053.913657
1790853945.320197 3053.883575
1790853945.420197 3053.853439
1790853945.520197 3053.823249
1790853945.620197 3053.793005
1790853945.720197 3053.762708
1790853945.820197 3053.732356
1790853945.920197 3053.701950
1790853946.020197 3053.671490
1790853946.120197 3053.640976
1790853946.220197 3053.610408
1790853946.320197 3053.579785
1790853946.420197 3053.549108
1790853946.520197 3053.518377
1790853946.620197 3053.487592
1790853946.720197 3053.456752
1790853946.820197 3053.425857
1790853946.920197 3053.394908
1790853947.020197 3053.363905
1790853947.120197 3053.332847
1790853947.220197 3053.301734
1790853947.320197 3053.270567
1790853947.420197 3053.239345
1790853947.520197 3053.208069
1790853947.620197 3053.176737
1790853947.720197 3053.145351
1790853947.820197 3053.113910
1790853947.920197 3053.082413
1790853948.020197 3053.050862
1790853948.120197 3053.019256
1790853948.220197 3052.987595
1790853948.320197 3052.955879
1790853948.420197 3052.924108
1790853948.520197 3052.892281
1790853948.620197 3052.860399
1790853948.720197 3052.828463
1790853948.820197 3052.796470
1790853948.920197 3052.764423
1790853949.020197 3052.732320
1790853949.120197 3052.700161
1790853949.220197 3052.667947
1790853949.320197 3052.635678
1790853949.420197 3052.603353
1790853949.520197 3052.570973
1790853949.620197 3052.538537
1790853949.720197 3052.506045
1790853949.820197 3052.473497
1790853949.920197 3052.440894
1790853950.020197 3052.408235
1790853950.120197 3052.375520
1790853950.220197 3052.342749
1790853950.320197 3052.309922
1790853950.420197 3052.277039
1790853950.520197 3052.244100
1790853950.620197 3052.211105
1790853950.720197 3052.178054
1790853950.820197 3052.144947
1790853950.920197 3052.111784
1790853951.020197 3052.078564
1790853951.120197 3052.045288
1790853951.220197 3052.011956
1790853951.320197 3051.978567
1790853951.420197 3051.945122
1790853951.520197 3051.911621
1790853951.620197 3051.878063
1790853951.720197 3051.844448
1790853951.820197 3051.810777
1790853951.920197 3051.777049
1790853952.020197 3051.743264
1790853952.120197 3051.709423
1790853952.220197 3051.675525
1790853952.320197 3051.641570
1790853952.420197 3051.607559
1790853952.520197 3051.573490
1790853952.620197 3051.539364
1790853952.720197 3051.505182
1790853952.820197 3051.470942
1790853952.920197 3051.436645
1790853953.020197 3051.402292
1790853953.120197 3051.367881
1790853953.220197 3051.333412
1790853953.320197 3051.298887
1790853953.420197 3051.264304
1790853953.520197 3051.229664
1790853953.620197 3051.194966
1790853953.720197 3051.160211
1790853953.820197 3051.125399
1790853953.920197 3051.090529
1790853954.020197 3051.055601
1790853954.120197 3051.020616
1790853954.220197 3050.985573
1790853954.320197 3050.950472
1790853954.420197 3050.915314
1790853954.520197 3050.880098
1790853954.620197 3050.844824
1790853954.720197 3050.809492
1790853954.820197 3050.774102
1790853954.920197 3050.738654
1790853955.020197 3050.703148
1790853955.120197 3050.667584
1790853955.220197 3050.631962
1790853955.320197 3050.596281
1790853955.420197 3050.560543
1790853955.520197 3050.524746
1790853955.620197 3050.488891
1790853955.720197 3050.452977
1790853955.820197 3050.417006
1790853955.920197 3050.380975
1790853956.020197 3050.344886
1790853956.120197 3050.308739
1790853956.220197 3050.272533
1790853956.320197 3050.236269
1790853956.420197 3050.199945
1790853956.520197 3050.163563
1790853956.620197 3050.127122
1790853956.720197 3050.090623
1790853956.820197 3050.054064
1790853956.920197 3050.017447
1790853957.020197 3049.980771
1790853957.120197 3049.944035
1790853957.220197 3049.907241
1790853957.320197 3049.870387
1790853957.420197 3049.833475
1790853957.520197 3049.796503
1790853957.620197 3049.759472
1790853957.720197 3049.722381
1790853957.820197 3049.685231
1790853957.920197 3049.648022
1790853958.020197 3049.610754
1790853958.120197 3049.573426
1790853958.220197 3049.536038
1790853958.320197 3049.498591
1790853958.420197 3049.461084
1790853958.520197 3049.423518
1790853958.620197 3049.385892
1790853958.720197 3049.348206
1790853958.820197 3049.310460
1790853958.920197 3049.272654
1790853959.020197 3049.234789
1790853959.120197 3049.196863
1790853959.220197 3049.158878
1790853959.320197 3049.120832
1790853959.420197 3049.082727
1790853959.520197 3049.044561
1790853959.620197 3049.006335
1790853959.720197 3048.968049
1790853959.820197 3048.929702
1790853959.920197 3048.891295
1790853960.020197 3048.852828
1790853960.120197 3048.814300
1790853960.220197 3048.775712
1790853960.320197 3048.737063
1790853960.420197 3048.698354
1790853960.520197 3048.659584
1790853960.620197 3048.620754
1790853960.720197 3048.581862
1790853960.820197 3048.542910
1790853960.920197 3048.503897
1790853961.020197 3048.464823
1790853961.120197 3048.425688
1790853961.220197 3048.386493
1790853961.320197 3048.347236
1790853961.420197 3048.307918
1790853961.520197 3048.268539
1790853961.620197 3048.229099
1790853961.720197 3048.189598
1790853961.820197 3048.150035
1790853961.920197 3048.110411
1790853962.020197 3048.070726
1790853962.120197 3048.030979
1790853962.220197 3047.991171
1790853962.320197 3047.951301
1790853962.420197 3047.911370
1790853962.520197 3047.871377
1790853962.620197 3047.831322
1790853962.720197 3047.791206
1790853962.820197 3047.751028
1790853962.920197 3047.710788
1790853963.020197 3047.670486
1790853963.120197 3047.630122
1790853963.220197 3047.589697
1790853963.320197 3047.549209
1790853963.420197 3047.508659
1790853963.520197 3047.468047
1790853963.620197 3047.427373
1790853963.720197 3047.386637
1790853963.820197 3047.345838
1790853963.920197 3047.304978
1790853964.020197 3047.264054
1790853964.120197 3047.223069
1790853964.220197 3047.182021
1790853964.320197 3047.140910
1790853964.420197 3047.099737
1790853964.520197 3047.058501
1790853964.620197 3047.017202
1790853964.720197 3046.975841
1790853964.820197 3046.934417
1790853964.920197 3046.892930
1790853965.020197 3046.851380
1790853965.120197 3046.809767
1790853965.220197 3046.768092
1790853965.320197 3046.726353
1790853965.420197 3046.684551
1790853965.520197 3046.642686
1790853965.620197 3046.600758
1790853965.720197 3046.558767
1790853965.820197 3046.516712
1790853965.920197 3046.474594
1790853966.020197 3046.432412
1790853966.120197 3046.390168
1790853966.220197 3046.347859
1790853966.320197 3046.305487
1790853966.420197 3046.263052
1790853966.520197 3046.220552
1790853966.620197 3046.177989
1790853966.720197 3046.135363
1790853966.820197 3046.092672
1790853966.920197 3046.049918
1790853967.020197 3046.007099
1790853967.120197 3045.964217
1790853967.220197 3045.921271
1790853967.320197 3045.878261
1790853967.420197 3045.835186
1790853967.520197 3045.792047
1790853967.620197 3045.748844
1790853967.720197 3045.705577
1790853967.820197 3045.662246
1790853967.920197 3045.618850
1790853968.020197 3045.575389
1790853968.120197 3045.531864
1790853968.220197 3045.488275
1790853968.320197 3045.444621
1790853968.420197 3045.400902
1790853968.520197 3045.357118
1790853968.620197 3045.313270
1790853968.720197 3045.269357
1790853968.820197 3045.225379
1790853968.920197 3045.181336
1790853969.020197 3045.137228
1790853969.120197 3045.093055
1790853969.220197 3045.048818
1790853969.320197 3045.004514
1790853969.420197 3044.960146
1790853969.520197 3044.915712
1790853969.620197 3044.871214
1790853969.720197 3044.826649
1790853969.820197 3044.782020
1790853969.920197 3044.737325
1790853970.020197 3044.692564
1790853970.120197 3044.647738
1790853970.220197 3044.602846
1790853970.320197 3044.557888
1790853970.420197 3044.512865
1790853970.520197 3044.467776
1790853970.620197 3044.422621
1790853970.720197 3044.377400
1790853970.820197 3044.332113
1790853970.920197 3044.286760
1790853971.020197 3044.241341
1790853971.120197 3044.195856
1790853971.220197 3044.150305
1790853971.320197 3044.104688
1790853971.420197 3044.059004
1790853971.520197 3044.013254
1790853971.620197 3043.967438
1790853971.720197 3043.921555
1790853971.820197 3043.875605
1790853971.920197 3043.829589
1790853972.020197 3043.783506
1790853972.120197 3043.737357
1790853972.220197 3043.691141
1790853972.320197 3043.644858
1790853972.420197 3043.598509
1790853972.520197 3043.552092
1790853972.620197 3043.505608
1790853972.720197 3043.459058
1790853972.820197 3043.412440
1790853972.920197 3043.365755
1790853973.020197 3043.319003
1790853973.120197 3043.272184
1790853973.220197 3043.225298
1790853973.320197 3043.178344
1790853973.420197 3043.131323
1790853973.520197 3043.084234
1790853973.620197 3043.037078
1790853973.720197 3042.989854
1790853973.820197 3042.942562
1790853973.920197 3042.895203
1790853974.020197 3042.847776
1790853974.120197 3042.800282
1790853974.220197 3042.752719
1790853974.320197 3042.705089
1790853974.420197 3042.657390
1790853974.520197 3042.609624
1790853974.620197 3042.561789
1790853974.720197 3042.513886
1790853974.820197 3042.465915
1790853974.920197 3042.417876
1790853975.020197 3042.369769
1790853975.120197 3042.321593
1790853975.220197 3042.273348
1790853975.320197 3042.225036
1790853975.420197 3042.176654
1790853975.520197 3042.128204
1790853975.620197 3042.079685
1790853975.720197 3042.031098
1790853975.820197 3041.982442
1790853975.920197 3041.933717
1790853976.020197 3041.884923
1790853976.120197 3041.836060
1790853976.220197 3041.787128
1790853976.320197 3041.738127
1790853976.420197 3041.689057
1790853976.520197 3041.639918
1790853976.620197 3041.590709
1790853976.720197 3041.541431
1790853976.820197 3041.492084
1790853976.920197 3041.442667
1790853977.020197 3041.393181
1790853977.120197 3041.343625
1790853977.220197 3041.294000
1790853977.320197 3041.244305
1790853977.420197 3041.194540
1790853977.520197 3041.144706
1790853977.620197 3041.094801
1790853977.720197 3041.044827
1790853977.820197 3040.994783
1790853977.920197 3040.944669
1790853978.020197 3040.894484
1790853978.120197 3040.844230
1790853978.220197 3040.793905
1790853978.320197 3040.743510
1790853978.420197 3040.693045
1790853978.520197 3040.642509
1790853978.620197 3040.591903
1790853978.720197 3040.541227
1790853978.820197 3040.490480
1790853978.920197 3040.439662
1790853979.020197 3040.388773
1790853979.120197 3040.337814
1790853979.220197 3040.286784
1790853979.320197 3040.235683
1790853979.420197 3040.184512
1790853979.520197 3040.133269
1790853979.620197 3040.081955
1790853979.720197 3040.030570
1790853979.820197 3039.979114
1790853979.920197 3039.927587
1790853980.020197 3039.875988
1790853980.120197 3039.824318
1790853980.220197 3039.772577
1790853980.320197 3039.720764
1790853980.420197 3039.668880
1790853980.520197 3039.616924
1790853980.620197 3039.564896
1790853980.720197 3039.512797
1790853980.820197 3039.460626
1790853980.920197 3039.408383
1790853981.020197 3039.356068
1790853981.120197 3039.303681
1790853981.220197 3039.251222
1790853981.320197 3039.198691
1790853981.420197 3039.146088
1790853981.520197 3039.093413
1790853981.620197 3039.040665
1790853981.720197 3038.987845
1790853981.820197 3038.934953
1790853981.920197 3038.881988
1790853982.020197 3038.828951
1790853982.120197 3038.775841
1790853982.220197 3038.722658
1790853982.320197 3038.669403
1790853982.420197 3038.616075
1790853982.520197 3038.562674
1790853982.620197 3038.509200
1790853982.720197 3038.455653
1790853982.820197 3038.402033
1790853982.920197 3038.348341
1790853983.020197 3038.294575
1790853983.120197 3038.240735
1790853983.220197 3038.186823
1790853983.320197 3038.132837
1790853983.420197 3038.078777
1790853983.520197 3038.024645
1790853983.620197 3037.970438
1790853983.720197 3037.916158
1790853983.820197 3037.861805
1790853983.920197 3037.807377
1790853984.020197 3037.752876
1790853984.120197 3037.698301
1790853984.220197 3037.643652
1790853984.320197 3037.588930
1790853984.420197 3037.534133
1790853984.520197 3037.479262
1790853984.620197 3037.424316
1790853984.720197 3037.369297
1790853984.820197 3037.314203
1790853984.920197 3037.259035
1790853985.020197 3037.203792
1790853985.120197 3037.148475
1790853985.220197 3037.093084
1790853985.320197 3037.037617
1790853985.420197 3036.982076
1790853985.520197 3036.926461
1790853985.620197 3036.870770
1790853985.720197 3036.815004
1790853985.820197 3036.759164
1790853985.920197 3036.703249
1790853986.020197 3036.647258
1790853986.120197 3036.591192
1790853986.220197 3036.535051
1790853986.320197 3036.478835
1790853986.420197 3036.422543
1790853986.520197 3036.366176
1790853986.620197 3036.309734
1790853986.720197 3036.253216
1790853986.820197 3036.196622
1790853986.920197 3036.139953
1790853987.020197 3036.083208
1790853987.120197 3036.026387
1790853987.220197 3035.969490
1790853987.320197 3035.912517
1790853987.420197 3035.855469
1790853987.520197 3035.798344
1790853987.620197 3035.741143
1790853987.720197 3035.683865
1790853987.820197 3035.626512
1790853987.920197 3035.569082
1790853988.020197 3035.511576
1790853988.120197 3035.453993
1790853988.220197 3035.396334
1790853988.320197 3035.338598
1790853988.420197 3035.280785
1790853988.520197 3035.222896
1790853988.620197 3035.164930
1790853988.720197 3035.106886
1790853988.820197 3035.048766
1790853988.920197 3034.990569
1790853989.020197 3034.932295
1790853989.120197 3034.873944
1790853989.220197 3034.815515
1790853989.320197 3034.757009
1790853989.420197 3034.698426
1790853989.520197 3034.639765
1790853989.620197 3034.581027
1790853989.720197 3034.522211
1790853989.820197 3034.463318
1790853989.920197 3034.404347
1790853990.020197 3034.345298
1790853990.120197 3034.286171
1790853990.220197 3034.226966
1790853990.320197 3034.167684
1790853990.420197 3034.108323
1790853990.520197 3034.048884
1790853990.620197 3033.989367
1790853990.720197 3033.929772
1790853990.820197 3033.870098
1790853990.920197 3033.810346
1790853991.020197 3033.750515
1790853991.120197 3033.690606
1790853991.220197 3033.630618
1790853991.320197 3033.570552
1790853991.420197 3033.510407
1790853991.520197 3033.450183
1790853991.620197 3033.389880
1790853991.720197 3033.329498
1790853991.820197 3033.269037
1790853991.920197 3033.208497
1790853992.020197 3033.147878
1790853992.120197 3033.087180
1790853992.220197 3033.026402
1790853992.320197 3032.965545
1790853992.420197 3032.904609
1790853992.520197 3032.843593
1790853992.620197 3032.782497
1790853992.720197 3032.721322
1790853992.820197 3032.660066
1790853992.920197 3032.598731
1790853993.020197 3032.537317
1790853993.120197 3032.475822
1790853993.220197 3032.414247
1790853993.320197 3032.352592
1790853993.420197 3032.290857
1790853993.520197 3032.229042
1790853993.620197 3032.167146
1790853993.720197 3032.105170
1790853993.820197 3032.043114
1790853993.920197 3031.980977
1790853994.020197 3031.918759
1790853994.120197 3031.856461
1790853994.220197 3031.794082
1790853994.320197 3031.731622
1790853994.420197 3031.669081
1790853994.520197 3031.606460
1790853994.620197 3031.543757
1790853994.720197 3031.480973
1790853994.820197 3031.418108
1790853994.920197 3031.355162
1790853995.020197 3031.292134
1790853995.120197 3031.229025
1790853995.220197 3031.165834
1790853995.320197 3031.102562
1790853995.420197 3031.039209
1790853995.520197 3030.975773
1790853995.620197 3030.912256
1790853995.720197 3030.848657
1790853995.820197 3030.784976
1790853995.920197 3030.721213
1790853996.020197 3030.657368
1790853996.120197 3030.593441
1790853996.220197 3030.529432
1790853996.320197 3030.465340
1790853996.420197 3030.401166
1790853996.520197 3030.336909
1790853996.620197 3030.272570
1790853996.720197 3030.208149
1790853996.820197 3030.143645
1790853996.920197 3030.079058
1790853997.020197 3030.014388
1790853997.120197 3029.949635
1790853997.220197 3029.884800
1790853997.320197 3029.819881
1790853997.420197 3029.754879
1790853997.520197 3029.689794
1790853997.620197 3029.624626
1790853997.720197 3029.559374
1790853997.820197 3029.494039
1790853997.920197 3029.428621
1790853998.020197 3029.363119
1790853998.120197 3029.297533
1790853998.220197 3029.231863
1790853998.320197 3029.166110
1790853998.420197 3029.100273
1790853998.520197 3029.034352
1790853998.620197 3028.968347
1790853998.720197 3028.902258
1790853998.820197 3028.836084
1790853998.920197 3028.769827
1790853999.020197 3028.703485
1790853999.120197 3028.637058
1790853999.220197 3028.570548
1790853999.320197 3028.503952
1790853999.420197 3028.437272
1790853999.520197 3028.370507
1790853999.620197 3028.303658
1790853999.720197 3028.236723
1790853999.820197 3028.169704
1790853999.920197 3028.102599
1790854000.020197 3028.035410
1790854000.120197 3027.968135
1790854000.220197 3027.900775
1790854000.320197 3027.833330
1790854000.420197 3027.765799
1790854000.520197 3027.698183
1790854000.620197 3027.630481
1790854000.720197 3027.562694
1790854000.820197 3027.494820
1790854000.920197 3027.426861
1790854001.020197 3027.358816
1790854001.120197 3027.290685
1790854001.220197 3027.222469
1790854001.320197 3027.154166
1790854001.420197 3027.085776
1790854001.520197 3027.017301
1790854001.620197 3026.948739
1790854001.720197 3026.880090
1790854001.820197 3026.811356
1790854001.920197 3026.742534
1790854002.020197 3026.673626
1790854002.120197 3026.604631
1790854002.220197 3026.535549
1790854002.320197 3026.466381
1790854002.420197 3026.397125
1790854002.520197 3026.327782
1790854002.620197 3026.258352
1790854002.720197 3026.188835
1790854002.820197 3026.119230
1790854002.920197 3026.049539
1790854003.020197 3025.979759
1790854003.120197 3025.909892
1790854003.220197 3025.839938
1790854003.320197 3025.769895
1790854003.420197 3025.699765
1790854003.520197 3025.629547
1790854003.620197 3025.559241
1790854003.720197 3025.488847
1790854003.820197 3025.418365
1790854003.920197 3025.347794
1790854004.020197 3025.277136
1790854004.120197 3025.206389
1790854004.220197 3025.135553
1790854004.320197 3025.064629
1790854004.420197 3024.993616
1790854004.520197 3024.922515
1790854004.620197 3024.851325
1790854004.720197 3024.780045
1790854004.820197 3024.708677
1790854004.920197 3024.637220
1790854005.020197 3024.565674
1790854005.120197 3024.494039
1790854005.220197 3024.422314
1790854005.320197 3024.350500
1790854005.420197 3024.278596
1790854005.520197 3024.206603
1790854005.620197 3024.134521
1790854005.720197 3024.062348
1790854005.820197 3023.990086
1790854005.920197 3023.917734
1790854006.020197 3023.845292
1790854006.120197 3023.772760
1790854006.220197 3023.700138
1790854006.320197 3023.627426
1790854006.420197 3023.554623
1790854006.520197 3023.481730
1790854006.620197 3023.408746
1790854006.720197 3023.335672
1790854006.820197 3023.262508
1790854006.920197 3023.189252
1790854007.020197 3023.115906
1790854007.120197 3023.042469
1790854007.220197 3022.968941
1790854007.320197 3022.895322
1790854007.420197 3022.821612
1790854007.520197 3022.747810
1790854007.620197 3022.673918
1790854007.720197 3022.599934
1790854007.820197 3022.525858
1790854007.920197 3022.451691
1790854008.020197 3022.377432
1790854008.120197 3022.303081
1790854008.220197 3022.228639
1790854008.320197 3022.154105
1790854008.420197 3022.079478
1790854008.520197 3022.004760
1790854008.620197 3021.929949
1790854008.720197 3021.855047
1790854008.820197 3021.780051
1790854008.920197 3021.704964
1790854009.020197 3021.629784
1790854009.120197 3021.554511
1790854009.220197 3021.479146
1790854009.320197 3021.403687
1790854009.420197 3021.328136
1790854009.520197 3021.252492
1790854009.620197 3021.176755
1790854009.720197 3021.100925
1790854009.820197 3021.025002
1790854009.920197 3020.948985
1790854010.020197 3020.872875
1790854010.120197 3020.796672
1790854010.220197 3020.720374
1790854010.320197 3020.643984
1790854010.420197 3020.567499
1790854010.520197 3020.490921
1790854010.620197 3020.414248
1790854010.720197 3020.337482
1790854010.820197 3020.260622
1790854010.920197 3020.183667
1790854011.020197 3020.106618
1790854011.120197 3020.029475
1790854011.220197 3019.952237
1790854011.320197 3019.874905
1790854011.420197 3019.797478
1790854011.520197 3019.719956
1790854011.620197 3019.642340
1790854011.720197 3019.564629
1790854011.820197 3019.486822
1790854011.920197 3019.408921
1790854012.020197 3019.330924
1790854012.120197 3019.252832
1790854012.220197 3019.174645
1790854012.320197 3019.096363
1790854012.420197 3019.017984
1790854012.520197 3018.939510
1790854012.620197 3018.860941
1790854012.720197 3018.782275
1790854012.820197 3018.703514
1790854012.920197 3018.624657
1790854013.020197 3018.545704
1790854013.120197 3018.466654
1790854013.220197 3018.387508
1790854013.320197 3018.308266
1790854013.420197 3018.228927
1790854013.520197 3018.149492
1790854013.620197 3018.069960
1790854013.720197 3017.990332
1790854013.820197 3017.910606
1790854013.920197 3017.830784
1790854014.020197 3017.750865
1790854014.120197 3017.670848
1790854014.220197 3017.590735
1790854014.320197 3017.510524
1790854014.420197 3017.430215
1790854014.520197 3017.349810
1790854014.620197 3017.269306
1790854014.720197 3017.188705
1790854014.820197 3017.108007
1790854014.920197 3017.027210
1790854015.020197 3016.946316
1790854015.120197 3016.865323
1790854015.220197 3016.784232
1790854015.320197 3016.703043
1790854015.420197 3016.621756
1790854015.520197 3016.540371
1790854015.620197 3016.458886
1790854015.720197 3016.377304
1790854015.820197 3016.295622
1790854015.920197 3016.213842
1790854016.020197 3016.131963
1790854016.120197 3016.049985
1790854016.220197 3015.967908
1790854016.320197 3015.885731
1790854016.420197 3015.803456
1790854016.520197 3015.721081
1790854016.620197 3015.638606
1790854016.720197 3015.556032
1790854016.820197 3015.473359
1790854016.920197 3015.390585
1790854017.020197 3015.307712
1790854017.120197 3015.224739
1790854017.220197 3015.141665
1790854017.320197 3015.058492
1790854017.420197 3014.975219
1790854017.520197 3014.891845
1790854017.620197 3014.808370
1790854017.720197 3014.724795
1790854017.820197 3014.641120
1790854017.920197 3014.557344
1790854018.020197 3014.473467
1790854018.120197 3014.389489
1790854018.220197 3014.305410
1790854018.320197 3014.221230
1790854018.420197 3014.136949
1790854018.520197 3014.052566
1790854018.620197 3013.968082
1790854018.720197 3013.883497
1790854018.820197 3013.798810
1790854018.920197 3013.714021
1790854019.020197 3013.629131
1790854019.120197 3013.544138
1790854019.220197 3013.459044
1790854019.320197 3013.373847
1790854019.420197 3013.288549
1790854019.520197 3013.203148
1790854019.620197 3013.117644
1790854019.720197 3013.032039
1790854019.820197 3012.946330
1790854019.920197 3012.860519
1790854020.020197 3012.774605
1790854020.120197 3012.688588
1790854020.220197 3012.602469
1790854020.320197 3012.516246
1790854020.420197 3012.429920
1790854020.520197 3012.343490
1790854020.620197 3012.256957
1790854020.720197 3012.170321
1790854020.820197 3012.083581
1790854020.920197 3011.996738
1790854021.020197 3011.909791
1790854021.120197 3011.822739
1790854021.220197 3011.735584
1790854021.320197 3011.648325
1790854021.420197 3011.560961
1790854021.520197 3011.473494
1790854021.620197 3011.385921
1790854021.720197 3011.298245
1790854021.820197 3011.210463
1790854021.920197 3011.122577
1790854022.020197 3011.034586
1790854022.120197 3010.946491
1790854022.220197 3010.858290
1790854022.320197 3010.769984
1790854022.420197 3010.681573
1790854022.520197 3010.593056
1790854022.620197 3010.504434
1790854022.720197 3010.415707
1790854022.820197 3010.326874
1790854022.920197 3010.237935
1790854023.020197 3010.148890
1790854023.120197 3010.059740
1790854023.220197 3009.970483
1790854023.320197 3009.881120
1790854023.420197 3009.791651
1790854023.520197 3009.702075
1790854023.620197 3009.612393
1790854023.720197 3009.522605
1790854023.820197 3009.432710
1790854023.920197 3009.342708
1790854024.020197 3009.252599
1790854024.120197 3009.162383
1790854024.220197 3009.072060
1790854024.320197 3008.981629
1790854024.420197 3008.891092
1790854024.520197 3008.800447
1790854024.620197 3008.709694
1790854024.720197 3008.618834
1790854024.820197 3008.527866
1790854024.920197 3008.436791
1790854025.020197 3008.345607
1790854025.120197 3008.254315
1790854025.220197 3008.162915
1790854025.320197 3008.071407
1790854025.420197 3007.979791
1790854025.520197 3007.888065
1790854025.620197 3007.796232
1790854025.720197 3007.704289
1790854025.820197 3007.612238
1790854025.920197 3007.520078
1790854026.020197 3007.427809
1790854026.120197 3007.335431
1790854026.220197 3007.242943
1790854026.320197 3007.150346
1790854026.420197 3007.057640
1790854026.520197 3006.964824
1790854026.620197 3006.871899
1790854026.720197 3006.778863
1790854026.820197 3006.685718
1790854026.920197 3006.592463
1790854027.020197 3006.499097
1790854027.120197 3006.405622
1790854027.220197 3006.312036
1790854027.320197 3006.218339
1790854027.420197 3006.124532
1790854027.520197 3006.030615
1790854027.620197 3005.936586
1790854027.720197 3005.842447
1790854027.820197 3005.748197
1790854027.920197 3005.653835
1790854028.020197 3005.559363
1790854028.120197 3005.464779
1790854028.220197 3005.370083
1790854028.320197 3005.275276
1790854028.420197 3005.180358
1790854028.520197 3005.085327
1790854028.620197 3004.990185
1790854028.720197 3004.894931
1790854028.820197 3004.799564
1790854028.920197 3004.704086
1790854029.020197 3004.608495
1790854029.120197 3004.512791
1790854029.220197 3004.416975
1790854029.320197 3004.321047
1790854029.420197 3004.225005
1790854029.520197 3004.128851
1790854029.620197 3004.032584
1790854029.720197 3003.936203
1790854029.820197 3003.839710
1790854029.920197 3003.743103
1790854030.020197 3003.646382
1790854030.120197 3003.549548
1790854030.220197 3003.452600
1790854030.320197 3003.355539
1790854030.420197 3003.258363
1790854030.520197 3003.161074
1790854030.620197 3003.063670
1790854030.720197 3002.966152
1790854030.820197 3002.868519
1790854030.920197 3002.770773
1790854031.020197 3002.672911
1790854031.120197 3002.574935
1790854031.220197 3002.476844
1790854031.320197 3002.378638
1790854031.420197 3002.280317
1790854031.520197 3002.181881
1790854031.620197 3002.083329
1790854031.720197 3001.984662
1790854031.820197 3001.885879
1790854031.920197 3001.786981
1790854032.020197 3001.687967
1790854032.120197 3001.588837
1790854032.220197 3001.489591
1790854032.320197 3001.390229
1790854032.420197 3001.290751
1790854032.520197 3001.191157
1790854032.620197 3001.091445
1790854032.720197 3000.991618
1790854032.820197 3000.891673
1790854032.920197 3000.791612
1790854033.020197 3000.691434
1790854033.120197 3000.591139
1790854033.220197 3000.490726
1790854033.320197 3000.390197
1790854033.420197 3000.289549
1790854033.520197 3000.188785
1790854033.620197 3000.087902
1790854033.720197 2999.986902
1790854033.820197 2999.885784
1790854033.920197 2999.784548
1790854034.020197 2999.683194
1790854034.120197 2999.581721
1790854034.220197 2999.480130
1790854034.320197 2999.378421
1790854034.420197 2999.276593
1790854034.520197 2999.174646
1790854034.620197 2999.072581
1790854034.720197 2998.970396
1790854034.820197 2998.868092
1790854034.920197 2998.765669
1790854035.020197 2998.663127
1790854035.120197 2998.560465
1790854035.220197 2998.457684
1790854035.320197 2998.354783
1790854035.420197 2998.251762
1790854035.520197 2998.148621
1790854035.620197 2998.045360
1790854035.720197 2997.941979
1790854035.820197 2997.838477
1790854035.920197 2997.734855
1790854036.020197 2997.631113
1790854036.120197 2997.527250
1790854036.220197 2997.423266
1790854036.320197 2997.319161
1790854036.420197 2997.214935
1790854036.520197 2997.110587
1790854036.620197 2997.006119
1790854036.720197 2996.901529
1790854036.820197 2996.796817
1790854036.920197 2996.691984
1790854037.020197 2996.587029
1790854037.120197 2996.481952
1790854037.220197 2996.376753
1790854037.320197 2996.271432
1790854037.420197 2996.165988
1790854037.520197 2996.060422
1790854037.620197 2995.954733
1790854037.720197 2995.848922
1790854037.820197 2995.742988
1790854037.920197 2995.636931
1790854038.020197 2995.530751
1790854038.120197 2995.424448
1790854038.220197 2995.318021
1790854038.320197 2995.211471
1790854038.420197 2995.104797
1790854038.520197 2994.998000
1790854038.620197 2994.891079
1790854038.720197 2994.784033
1790854038.820197 2994.676864
1790854038.920197 2994.569571
1790854039.020197 2994.462153
1790854039.120197 2994.354611
1790854039.220197 2994.246944
1790854039.320197 2994.139152
1790854039.420197 2994.031236
1790854039.520197 2993.923194
1790854039.620197 2993.815028
1790854039.720197 2993.706736
1790854039.820197 2993.598319
1790854039.920197 2993.489776
1790854040.020197 2993.381107
1790854040.120197 2993.272313
1790854040.220197 2993.163393
1790854040.320197 2993.054347
1790854040.420197 2992.945175
1790854040.520197 2992.835877
1790854040.620197 2992.726452
1790854040.720197 2992.616900
1790854040.820197 2992.507222
1790854040.920197 2992.397417
1790854041.020197 2992.287485
1790854041.120197 2992.177426
1790854041.220197 2992.067240
1790854041.320197 2991.956927
1790854041.420197 2991.846486
1790854041.520197 2991.735917
1790854041.620197 2991.625221
1790854041.720197 2991.514397
1790854041.820197 2991.403445
1790854041.920197 2991.292364
1790854042.020197 2991.181156
1790854042.120197 2991.069819
1790854042.220197 2990.958353
1790854042.320197 2990.846759
1790854042.420197 2990.735036
1790854042.520197 2990.623184
1790854042.620197 2990.511203
1790854042.720197 2990.399093
1790854042.820197 2990.286854
1790854042.920197 2990.174485
1790854043.020197 2990.061986
1790854043.120197 2989.949358
1790854043.220197 2989.836599
1790854043.320197 2989.723711
1790854043.420197 2989.610693
1790854043.520197 2989.497544
1790854043.620197 2989.384265
1790854043.720197 2989.270855
1790854043.820197 2989.157315
1790854043.920197 2989.043643
1790854044.020197 2988.929841
1790854044.120197 2988.815908
1790854044.220197 2988.701843
1790854044.320197 2988.587647
1790854044.420197 2988.473320
1790854044.520197 2988.358861
1790854044.620197 2988.244270
1790854044.720197 2988.129547
1790854044.820197 2988.014692
1790854044.920197 2987.899705
1790854045.020197 2987.784586
1790854045.120197 2987.669334
1790854045.220197 2987.553949
1790854045.320197 2987.438432
1790854045.420197 2987.322781
1790854045.520197 2987.206998
1790854045.620197 2987.091082
1790854045.720197 2986.975032
1790854045.820197 2986.858848
1790854045.920197 2986.742531
1790854046.020197 2986.626081
1790854046.120197 2986.509496
1790854046.220197 2986.392778
1790854046.320197 2986.275925
1790854046.420197 2986.158938
1790854046.520197 2986.041816
1790854046.620197 2985.924560
1790854046.720197 2985.807169
1790854046.820197 2985.689644
1790854046.920197 2985.571983
1790854047.020197 2985.454187
1790854047.120197 2985.336256
1790854047.220197 2985.218189
1790854047.320197 2985.099987
1790854047.420197 2984.981649
1790854047.520197 2984.863175
1790854047.620197 2984.744565
1790854047.720197 2984.625819
1790854047.820197 2984.506936
1790854047.920197 2984.387917
1790854048.020197 2984.268762
1790854048.120197 2984.149470
1790854048.220197 2984.030041
1790854048.320197 2983.910474
1790854048.420197 2983.790771
1790854048.520197 2983.670930
1790854048.620197 2983.550952
1790854048.720197 2983.430836
1790854048.820197 2983.310583
1790854048.920197 2983.190192
1790854049.020197 2983.069662
1790854049.120197 2982.948994
1790854049.220197 2982.828188
1790854049.320197 2982.707244
1790854049.420197 2982.586161
1790854049.520197 2982.464939
1790854049.620197 2982.343578
1790854049.720197 2982.222078
1790854049.820197 2982.100438
1790854049.920197 2981.978660
1790854050.020197 2981.856742
1790854050.120197 2981.734684
1790854050.220197 2981.612486
1790854050.320197 2981.490148
1790854050.420197 2981.367671
1790854050.520197 2981.245053
1790854050.620197 2981.122294
1790854050.720197 2980.999395
1790854050.820197 2980.876355
1790854050.920197 2980.753174
1790854051.020197 2980.629853
1790854051.120197 2980.506390
1790854051.220197 2980.382786
1790854051.320197 2980.259040
1790854051.420197 2980.135153
1790854051.520197 2980.011123
1790854051.620197 2979.886952
1790854051.720197 2979.762639
1790854051.820197 2979.638184
1790854051.920197 2979.513586
1790854052.020197 2979.388846
1790854052.120197 2979.263963
1790854052.220197 2979.138937
1790854052.320197 2979.013768
1790854052.420197 2978.888456
1790854052.520197 2978.763001
1790854052.620197 2978.637402
1790854052.720197 2978.511659
1790854052.820197 2978.385773
1790854052.920197 2978.259743
1790854053.020197 2978.133569
1790854053.120197 2978.007251
1790854053.220197 2977.880788
1790854053.320197 2977.754180
1790854053.420197 2977.627428
1790854053.520197 2977.500531
1790854053.620197 2977.373489
1790854053.720197 2977.246302
1790854053.820197 2977.118970
1790854053.920197 2976.991492
1790854054.020197 2976.863868
1790854054.120197 2976.736099
1790854054.220197 2976.608184
1790854054.320197 2976.480122
1790854054.420197 2976.351914
1790854054.520197 2976.223560
1790854054.620197 2976.095060
1790854054.720197 2975.966412
1790854054.820197 2975.837618
1790854054.920197 2975.708676
1790854055.020197 2975.579588
1790854055.120197 2975.450352
1790854055.220197 2975.320968
1790854055.320197 2975.191437
1790854055.420197 2975.061758
1790854055.520197 2974.931931
1790854055.620197 2974.801955
1790854055.720197 2974.671832
1790854055.820197 2974.541560
1790854055.920197 2974.411139
1790854056.020197 2974.280569
1790854056.120197 2974.149851
1790854056.220197 2974.018983
1790854056.320197 2973.887966
1790854056.420197 2973.756799
1790854056.520197 2973.625483
1790854056.620197 2973.494017
1790854056.720197 2973.362401
1790854056.820197 2973.230635
1790854056.920197 2973.098719
1790854057.020197 2972.966652
1790854057.120197 2972.834435
1790854057.220197 2972.702067
1790854057.320197 2972.569548
1790854057.420197 2972.436878
1790854057.520197 2972.304057
1790854057.620197 2972.171084
1790854057.720197 2972.037959
1790854057.820197 2971.904683
1790854057.920197 2971.771255
1790854058.020197 2971.637675
1790854058.120197 2971.503942
1790854058.220197 2971.370058
1790854058.320197 2971.236020
1790854058.420197 2971.101830
1790854058.520197 2970.967487
1790854058.620197 2970.832991
1790854058.720197 2970.698341
1790854058.820197 2970.563538
1790854058.920197 2970.428582
1790854059.020197 2970.293472
1790854059.120197 2970.158208
1790854059.220197 2970.022789
1790854059.320197 2969.887217
1790854059.420197 2969.751490
1790854059.520197 2969.615608
1790854059.620197 2969.479572
1790854059.720197 2969.343381
1790854059.820197 2969.207035
1790854059.920197 2969.070533
1790854060.020197 2968.933876
1790854060.120197 2968.797063
1790854060.220197 2968.660095
1790854060.320197 2968.522970
1790854060.420197 2968.385690
1790854060.520197 2968.248253
1790854060.620197 2968.110660
1790854060.720197 2967.972910
1790854060.820197 2967.835003
1790854060.920197 2967.696939
1790854061.020197 2967.558718
1790854061.120197 2967.420340
1790854061.220197 2967.281804
1790854061.320197 2967.143111
1790854061.420197 2967.004259
1790854061.520197 2966.865250
1790854061.620197 2966.726082
1790854061.720197 2966.586757
1790854061.820197 2966.447272
1790854061.920197 2966.307629
1790854062.020197 2966.167827
1790854062.120197 2966.027866
1790854062.220197 2965.887745
1790854062.320197 2965.747465
1790854062.420197 2965.607026
1790854062.520197 2965.466427
1790854062.620197 2965.325667
1790854062.720197 2965.184748
1790854062.820197 2965.043668
1790854062.920197 2964.902428
1790854063.020197 2964.761027
1790854063.120197 2964.619466
1790854063.220197 2964.477743
1790854063.320197 2964.335859
1790854063.420197 2964.193814
1790854063.520197 2964.051607
1790854063.620197 2963.909239
1790854063.720197 2963.766708
1790854063.820197 2963.624016
1790854063.920197 2963.481161
1790854064.020197 2963.338144
1790854064.120197 2963.194964
1790854064.220197 2963.051621
1790854064.320197 2962.908116
1790854064.420197 2962.764447
1790854064.520197 2962.620615
1790854064.620197 2962.476619
1790854064.720197 2962.332459
1790854064.820197 2962.188136
1790854064.920197 2962.043649
1790854065.020197 2961.898997
1790854065.120197 2961.754181
1790854065.220197 2961.609200
1790854065.320197 2961.464054
1790854065.420197 2961.318744
1790854065.520197 2961.173268
1790854065.620197 2961.027627
1790854065.720197 2960.881820
1790854065.820197 2960.735848
1790854065.920197 2960.589709
1790854066.020197 2960.443405
1790854066.120197 2960.296934
1790854066.220197 2960.150297
1790854066.320197 2960.003493
1790854066.420197 2959.856523
1790854066.520197 2959.709385
1790854066.620197 2959.562080
1790854066.720197 2959.414608
1790854066.820197 2959.266968
1790854066.920197 2959.119160
1790854067.020197 2958.971184
1790854067.120197 2958.823041
1790854067.220197 2958.674728
1790854067.320197 2958.526248
1790854067.420197 2958.377598
1790854067.520197 2958.228780
1790854067.620197 2958.079793
1790854067.720197 2957.930636
1790854067.820197 2957.781310
1790854067.920197 2957.631814
1790854068.020197 2957.482148
1790854068.120197 2957.332312
1790854068.220197 2957.182306
1790854068.320197 2957.032130
1790854068.420197 2956.881783
1790854068.520197 2956.731265
1790854068.620197 2956.580576
1790854068.720197 2956.429716
1790854068.820197 2956.278685
1790854068.920197 2956.127482
1790854069.020197 2955.976107
1790854069.120197 2955.824560
1790854069.220197 2955.672842
1790854069.320197 2955.520950
1790854069.420197 2955.368887
1790854069.520197 2955.216650
1790854069.620197 2955.064241
1790854069.720197 2954.911658
1790854069.820197 2954.758902
1790854069.920197 2954.605973
1790854070.020197 2954.452870
1790854070.120197 2954.299593
1790854070.220197 2954.146141
1790854070.320197 2953.992516
1790854070.420197 2953.838716
1790854070.520197 2953.684741
1790854070.620197 2953.530592
1790854070.720197 2953.376267
1790854070.820197 2953.221767
1790854070.920197 2953.067092
1790854071.020197 2952.912241
1790854071.120197 2952.757214
1790854071.220197 2952.602011
1790854071.320197 2952.446631
1790854071.420197 2952.291076
1790854071.520197 2952.135343
1790854071.620197 2951.979434
1790854071.720197 2951.823347
1790854071.820197 2951.667084
1790854071.920197 2951.510642
1790854072.020197 2951.354023
1790854072.120197 2951.197227
1790854072.220197 2951.040252
1790854072.320197 2950.883099
1790854072.420197 2950.725767
1790854072.520197 2950.568256
1790854072.620197 2950.410567
1790854072.720197 2950.252699
1790854072.820197 2950.094651
1790854072.920197 2949.936424
1790854073.020197 2949.778017
1790854073.120197 2949.619430
1790854073.220197 2949.460663
1790854073.320197 2949.301716
1790854073.420197 2949.142588
1790854073.520197 2948.983280
1790854073.620197 2948.823790
1790854073.720197 2948.664120
1790854073.820197 2948.504268
1790854073.920197 2948.344234
1790854074.020197 2948.184019
1790854074.120197 2948.023622
1790854074.220197 2947.863042
1790854074.320197 2947.702281
1790854074.420197 2947.541336
1790854074.520197 2947.380209
1790854074.620197 2947.218899
1790854074.720197 2947.057405
1790854074.820197 2946.895728
1790854074.920197 2946.733868
1790854075.020197 2946.571824
1790854075.120197 2946.409595
1790854075.220197 2946.247182
1790854075.320197 2946.084585
1790854075.420197 2945.921803
1790854075.520197 2945.758836
1790854075.620197 2945.595685
1790854075.720197 2945.432347
1790854075.820197 2945.268825
1790854075.920197 2945.105116
1790854076.020197 2944.941221
1790854076.120197 2944.777141
1790854076.220197 2944.612874
1790854076.320197 2944.448420
1790854076.420197 2944.283779
1790854076.520197 2944.118952
1790854076.620197 2943.953937
1790854076.720197 2943.788735
1790854076.820197 2943.623345
1790854076.920197 2943.457767
1790854077.020197 2943.292001
1790854077.120197 2943.126047
1790854077.220197 2942.959904
1790854077.320197 2942.793573
1790854077.420197 2942.627052
1790854077.520197 2942.460342
1790854077.620197 2942.293443
1790854077.720197 2942.126354
1790854077.820197 2941.959076
1790854077.920197 2941.791607
1790854078.020197 2941.623948
1790854078.120197 2941.456098
1790854078.220197 2941.288058
1790854078.320197 2941.119827
1790854078.420197 2940.951405
1790854078.520197 2940.782791
1790854078.620197 2940.613986
1790854078.720197 2940.444988
1790854078.820197 2940.275799
1790854078.920197 2940.106418
1790854079.020197 2939.936844
1790854079.120197 2939.767077
1790854079.220197 2939.597117
1790854079.320197 2939.426965
1790854079.420197 2939.256618
1790854079.520197 2939.086079
1790854079.620197 2938.915345
1790854079.720197 2938.744417
1790854079.820197 2938.573295
1790854079.920197 2938.401979
1790854080.020197 2938.230468
1790854080.120197 2938.058762
1790854080.220197 2937.886860
1790854080.320197 2937.714764
1790854080.420197 2937.542471
1790854080.520197 2937.369983
1790854080.620197 2937.197299
1790854080.720197 2937.024418
1790854080.820197 2936.851341
1790854080.920197 2936.678067
1790854081.020197 2936.504596
1790854081.120197 2936.330928
1790854081.220197 2936.157062
1790854081.320197 2935.982999
1790854081.420197 2935.808737
1790854081.520197 2935.634278
1790854081.620197 2935.459620
1790854081.720197 2935.284764
1790854081.820197 2935.109708
1790854081.920197 2934.934454
1790854082.020197 2934.759000
1790854082.120197 2934.583347
1790854082.220197 2934.407494
1790854082.320197 2934.231441
1790854082.420197 2934.055188
1790854082.520197 2933.878735
1790854082.620197 2933.702080
1790854082.720197 2933.525225
1790854082.820197 2933.348168
1790854082.920197 2933.170911
1790854083.020197 2932.993451
1790854083.120197 2932.815790
1790854083.220197 2932.637926
1790854083.320197 2932.459860
1790854083.420197 2932.281592
1790854083.520197 2932.103121
1790854083.620197 2931.924446
1790854083.720197 2931.745569
1790854083.820197 2931.566488
1790854083.920197 2931.387203
1790854084.020197 2931.207714
1790854084.120197 2931.028021
1790854084.220197 2930.848123
1790854084.320197 2930.668021
1790854084.420197 2930.487713
1790854084.520197 2930.307201
1790854084.620197 2930.126483
1790854084.720197 2929.945559
1790854084.820197 2929.764429
1790854084.920197 2929.583093
1790854085.020197 2929.401551
1790854085.120197 2929.219802
1790854085.220197 2929.037846
1790854085.320197 2928.855684
1790854085.420197 2928.673313
1790854085.520197 2928.490735
1790854085.620197 2928.307949
1790854085.720197 2928.124955
1790854085.820197 2927.941753
1790854085.920197 2927.758342
1790854086.020197 2927.574722
1790854086.120197 2927.390894
1790854086.220197 2927.206855
1790854086.320197 2927.022608
1790854086.420197 2926.838150
1790854086.520197 2926.653482
1790854086.620197 2926.468604
1790854086.720197 2926.283515
1790854086.820197 2926.098216
1790854086.920197 2925.912705
1790854087.020197 2925.726984
1790854087.120197 2925.541050
1790854087.220197 2925.354905
1790854087.320197 2925.168547
1790854087.420197 2924.981978
1790854087.520197 2924.795195
1790854087.620197 2924.608200
1790854087.720197 2924.420992
1790854087.820197 2924.233571
1790854087.920197 2924.045935
1790854088.020197 2923.858087
1790854088.120197 2923.670023
1790854088.220197 2923.481746
1790854088.320197 2923.293254
1790854088.420197 2923.104547
1790854088.520197 2922.915625
1790854088.620197 2922.726488
1790854088.720197 2922.537135
1790854088.820197 2922.347566
1790854088.920197 2922.157781
1790854089.020197 2921.967780
1790854089.120197 2921.777562
1790854089.220197 2921.587127
1790854089.320197 2921.396475
1790854089.420197 2921.205606
1790854089.520197 2921.014519
1790854089.620197 2920.823214
1790854089.720197 2920.631690
1790854089.820197 2920.439949
1790854089.920197 2920.247988
1790854090.020197 2920.055809
1790854090.120197 2919.863410
1790854090.220197 2919.670792
1790854090.320197 2919.477955
1790854090.420197 2919.284897
1790854090.520197 2919.091619
1790854090.620197 2918.898120
1790854090.720197 2918.704401
1790854090.820197 2918.510460
1790854090.920197 2918.316298
1790854091.020197 2918.121915
1790854091.120197 2917.927310
1790854091.220197 2917.732482
1790854091.320197 2917.537432
1790854091.420197 2917.342160
1790854091.520197 2917.146665
1790854091.620197 2916.950946
1790854091.720197 2916.755004
1790854091.820197 2916.558838
1790854091.920197 2916.362449
1790854092.020197 2916.165835
1790854092.120197 2915.968996
1790854092.220197 2915.771933
1790854092.320197 2915.574645
1790854092.420197 2915.377131
1790854092.520197 2915.179392
1790854092.620197 2914.981427
1790854092.720197 2914.783236
1790854092.820197 2914.584818
1790854092.920197 2914.386174
1790854093.020197 2914.187303
1790854093.120197 2913.988204
1790854093.220197 2913.788878
1790854093.320197 2913.589325
1790854093.420197 2913.389543
1790854093.520197 2913.189533
1790854093.620197 2912.989294
1790854093.720197 2912.788827
1790854093.820197 2912.588130
1790854093.920197 2912.387204
1790854094.020197 2912.186048
1790854094.120197 2911.984663
1790854094.220197 2911.783047
1790854094.320197 2911.581200
1790854094.420197 2911.379123
1790854094.520197 2911.176815
1790854094.620197 2910.974275
1790854094.720197 2910.771504
1790854094.820197 2910.568501
1790854094.920197 2910.365265
1790854095.020197 2910.161798
1790854095.120197 2909.958097
1790854095.220197 2909.754163
1790854095.320197 2909.549996
1790854095.420197 2909.345596
1790854095.520197 2909.140962
1790854095.620197 2908.936093
1790854095.720197 2908.730990
1790854095.820197 2908.525652
1790854095.920197 2908.320080
1790854096.020197 2908.114272
1790854096.120197 2907.908228
1790854096.220197 2907.701949
1790854096.320197 2907.495433
1790854096.420197 2907.288682
1790854096.520197 2907.081693
1790854096.620197 2906.874467
1790854096.720197 2906.667004
1790854096.820197 2906.459304
1790854096.920197 2906.251366
1790854097.020197 2906.043189
1790854097.120197 2905.834774
1790854097.220197 2905.626121
1790854097.320197 2905.417228
1790854097.420197 2905.208096
1790854097.520197 2904.998724
1790854097.620197 2904.789113
1790854097.720197 2904.579262
1790854097.820197 2904.369169
1790854097.920197 2904.158837
1790854098.020197 2903.948263
1790854098.120197 2903.737448
1790854098.220197 2903.526391
1790854098.320197 2903.315092
1790854098.420197 2903.103551
1790854098.520197 2902.891768
1790854098.620197 2902.679742
1790854098.720197 2902.467472
1790854098.820197 2902.254959
1790854098.920197 2902.042203
1790854099.020197 2901.829202
1790854099.120197 2901.615958
1790854099.220197 2901.402468
1790854099.320197 2901.188734
1790854099.420197 2900.974755
1790854099.520197 2900.760530
1790854099.620197 2900.546059
1790854099.720197 2900.331343
1790854099.820197 2900.116379
1790854099.920197 2899.901170
1790854100.020197 2899.685713
1790854100.120197 2899.470009
1790854100.220197 2899.254057
1790854100.320197 2899.037858
1790854100.420197 2898.821410
1790854100.520197 2898.604714
1790854100.620197 2898.387769
1790854100.720197 2898.170575
1790854100.820197 2897.953131
1790854100.920197 2897.735438
1790854101.020197 2897.517495
1790854101.120197 2897.299302
1790854101.220197 2897.080857
1790854101.320197 2896.862162
1790854101.420197 2896.643216
1790854101.520197 2896.424018
1790854101.620197 2896.204568
1790854101.720197 2895.984867
1790854101.820197 2895.764912
1790854101.920197 2895.544705
1790854102.020197 2895.324245
1790854102.120197 2895.103531
1790854102.220197 2894.882564
1790854102.320197 2894.661343
1790854102.420197 2894.439867
1790854102.520197 2894.218137
1790854102.620197 2893.996151
1790854102.720197 2893.773911
1790854102.820197 2893.551415
1790854102.920197 2893.328663
1790854103.020197 2893.105655
1790854103.120197 2892.882390
1790854103.220197 2892.658868
1790854103.320197 2892.435089
1790854103.420197 2892.211053
1790854103.520197 2891.986759
1790854103.620197 2891.762207
1790854103.720197 2891.537396
1790854103.820197 2891.312327
1790854103.920197 2891.086999
1790854104.020197 2890.861411
1790854104.120197 2890.635564
1790854104.220197 2890.409456
1790854104.320197 2890.183088
1790854104.420197 2889.956460
1790854104.520197 2889.729570
1790854104.620197 2889.502419
1790854104.720197 2889.275007
1790854104.820197 2889.047333
1790854104.920197 2888.819396
1790854105.020197 2888.591197
1790854105.120197 2888.362735
1790854105.220197 2888.134009
1790854105.320197 2887.905020
1790854105.420197 2887.675767
1790854105.520197 2887.446250
1790854105.620197 2887.216469
1790854105.720197 2886.986422
1790854105.820197 2886.756110
1790854105.920197 2886.525533
1790854106.020197 2886.294690
1790854106.120197 2886.063581
1790854106.220197 2885.832205
1790854106.320197 2885.600562
1790854106.420197 2885.368652
1790854106.520197 2885.136475
1790854106.620197 2884.904030
1790854106.720197 2884.671316
1790854106.820197 2884.438334
1790854106.920197 2884.205084
1790854107.020197 2883.971564
1790854107.120197 2883.737774
1790854107.220197 2883.503715
1790854107.320197 2883.269385
1790854107.420197 2883.034785
1790854107.520197 2882.799915
1790854107.620197 2882.564773
1790854107.720197 2882.329359
1790854107.820197 2882.093674
1790854107.920197 2881.857716
1790854108.020197 2881.621486
1790854108.120197 2881.384983
1790854108.220197 2881.148207
1790854108.320197 2880.911157
1790854108.420197 2880.673833
1790854108.520197 2880.436235
1790854108.620197 2880.198363
1790854108.720197 2879.960215
1790854108.820197 2879.721792
1790854108.920197 2879.483094
1790854109.020197 2879.244120
1790854109.120197 2879.004869
1790854109.220197 2878.765342
1790854109.320197 2878.525538
1790854109.420197 2878.285456
1790854109.520197 2878.045097
1790854109.620197 2877.804460
1790854109.720197 2877.563545
1790854109.820197 2877.322350
1790854109.920197 2877.080877
1790854110.020197 2876.839124
1790854110.120197 2876.597092
1790854110.220197 2876.354779
1790854110.320197 2876.112186
1790854110.420197 2875.869312
1790854110.520197 2875.626157
1790854110.620197 2875.382720
1790854110.720197 2875.139002
1790854110.820197 2874.895001
1790854110.920197 2874.650718
1790854111.020197 2874.406152
1790854111.120197 2874.161302
1790854111.220197 2873.916169
1790854111.320197 2873.670752
1790854111.420197 2873.425050
1790854111.520197 2873.179064
1790854111.620197 2872.932793
1790854111.720197 2872.686236
1790854111.820197 2872.439394
1790854111.920197 2872.192265
1790854112.020197 2871.944850
1790854112.120197 2871.697148
1790854112.220197 2871.449159
1790854112.320197 2871.200882
1790854112.420197 2870.952318
1790854112.520197 2870.703465
1790854112.620197 2870.454323
1790854112.720197 2870.204893
1790854112.820197 2869.955173
1790854112.920197 2869.705163
1790854113.020197 2869.454863
1790854113.120197 2869.204272
1790854113.220197 2868.953391
1790854113.320197 2868.702219
1790854113.420197 2868.450755
1790854113.520197 2868.198999
1790854113.620197 2867.946950
1790854113.720197 2867.694609
1790854113.820197 2867.441975
1790854113.920197 2867.189048
1790854114.020197 2866.935827
1790854114.120197 2866.682311
1790854114.220197 2866.428501
1790854114.320197 2866.174396
1790854114.420197 2865.919996
1790854114.520197 2865.665300
1790854114.620197 2865.410309
1790854114.720197 2865.155020
1790854114.820197 2864.899435
1790854114.920197 2864.643553
1790854115.020197 2864.387374
1790854115.120197 2864.130896
1790854115.220197 2863.874120
1790854115.320197 2863.617046
1790854115.420197 2863.359672
1790854115.520197 2863.101999
1790854115.620197 2862.844027
1790854115.720197 2862.585754
1790854115.820197 2862.327180
1790854115.920197 2862.068306
1790854116.020197 2861.809130
1790854116.120197 2861.549653
1790854116.220197 2861.289873
1790854116.320197 2861.029791
1790854116.420197 2860.769407
1790854116.520197 2860.508719
1790854116.620197 2860.247727
1790854116.720197 2859.986432
1790854116.820197 2859.724832
1790854116.920197 2859.462927
1790854117.020197 2859.200717
1790854117.120197 2858.938202
1790854117.220197 2858.675380
1790854117.320197 2858.412253
1790854117.420197 2858.148818
1790854117.520197 2857.885077
1790854117.620197 2857.621028
1790854117.720197 2857.356671
1790854117.820197 2857.092006
1790854117.920197 2856.827032
1790854118.020197 2856.561749
1790854118.120197 2856.296157
1790854118.220197 2856.030255
1790854118.320197 2855.764043
1790854118.420197 2855.497520
1790854118.520197 2855.230686
1790854118.620197 2854.963540
1790854118.720197 2854.696083
1790854118.820197 2854.428313
1790854118.920197 2854.160231
1790854119.020197 2853.891836
1790854119.120197 2853.623128
1790854119.220197 2853.354105
1790854119.320197 2853.084769
1790854119.420197 2852.815118
1790854119.520197 2852.545151
1790854119.620197 2852.274870
1790854119.720197 2852.004272
1790854119.820197 2851.733359
1790854119.920197 2851.462128
1790854120.020197 2851.190581
1790854120.120197 2850.918716
1790854120.220197 2850.646534
1790854120.320197 2850.374033
1790854120.420197 2850.101213
1790854120.520197 2849.828075
1790854120.620197 2849.554617
1790854120.720197 2849.280839
1790854120.820197 2849.006740
1790854120.920197 2848.732321
1790854121.020197 2848.457581
1790854121.120197 2848.182520
1790854121.220197 2847.907136
1790854121.320197 2847.631430
1790854121.420197 2847.355402
1790854121.520197 2847.079050
1790854121.620197 2846.802374
1790854121.720197 2846.525375
1790854121.820197 2846.248051
1790854121.920197 2845.970402
1790854122.020197 2845.692428
1790854122.120197 2845.414129
1790854122.220197 2845.135503
1790854122.320197 2844.856551
1790854122.420197 2844.577272
1790854122.520197 2844.297665
1790854122.620197 2844.017731
1790854122.720197 2843.737468
1790854122.820197 2843.456877
1790854122.920197 2843.175957
1790854123.020197 2842.894708
1790854123.120197 2842.613128
1790854123.220197 2842.331218
1790854123.320197 2842.048978
1790854123.420197 2841.766406
1790854123.520197 2841.483503
1790854123.620197 2841.200267
1790854123.720197 2840.916700
1790854123.820197 2840.632799
1790854123.920197 2840.348565
1790854124.020197 2840.063997
1790854124.120197 2839.779096
1790854124.220197 2839.493859
1790854124.320197 2839.208288
1790854124.420197 2838.922381
1790854124.520197 2838.636138
1790854124.620197 2838.349559
1790854124.720197 2838.062643
1790854124.820197 2837.775390
1790854124.920197 2837.487800
1790854125.020197 2837.199871
1790854125.120197 2836.911604
1790854125.220197 2836.622997
1790854125.320197 2836.334052
1790854125.420197 2836.044767
1790854125.520197 2835.755141
1790854125.620197 2835.465175
1790854125.720197 2835.174867
1790854125.820197 2834.884218
1790854125.920197 2834.593227
1790854126.020197 2834.301894
1790854126.120197 2834.010217
1790854126.220197 2833.718197
1790854126.320197 2833.425834
1790854126.420197 2833.133126
1790854126.520197 2832.840074
1790854126.620197 2832.546676
1790854126.720197 2832.252933
1790854126.820197 2831.958844
1790854126.920197 2831.664408
1790854127.020197 2831.369625
1790854127.120197 2831.074495
1790854127.220197 2830.779018
1790854127.320197 2830.483192
1790854127.420197 2830.187017
1790854127.520197 2829.890493
1790854127.620197 2829.593619
1790854127.720197 2829.296395
1790854127.820197 2828.998821
1790854127.920197 2828.700896
1790854128.020197 2828.402619
1790854128.120197 2828.103990
1790854128.220197 2827.805009
1790854128.320197 2827.505675
1790854128.420197 2827.205988
1790854128.520197 2826.905947
1790854128.620197 2826.605552
1790854128.720197 2826.304803
1790854128.820197 2826.003698
1790854128.920197 2825.702237
1790854129.020197 2825.400421
1790854129.120197 2825.098247
1790854129.220197 2824.795717
1790854129.320197 2824.492830
1790854129.420197 2824.189584
1790854129.520197 2823.885981
1790854129.620197 2823.582018
1790854129.720197 2823.277696
1790854129.820197 2822.973014
1790854129.920197 2822.667972
1790854130.020197 2822.362569
1790854130.120197 2822.056805
1790854130.220197 2821.750679
1790854130.320197 2821.444192
1790854130.420197 2821.137341
1790854130.520197 2820.830128
1790854130.620197 2820.522551
1790854130.720197 2820.214609
1790854130.820197 2819.906304
1790854130.920197 2819.597633
1790854131.020197 2819.288597
1790854131.120197 2818.979195
1790854131.220197 2818.669426
1790854131.320197 2818.359291
1790854131.420197 2818.048788
1790854131.520197 2817.737917
1790854131.620197 2817.426678
1790854131.720197 2817.115071
1790854131.820197 2816.803093
1790854131.920197 2816.490746
1790854132.020197 2816.178029
1790854132.120197 2815.864941
1790854132.220197 2815.551482
1790854132.320197 2815.237651
1790854132.420197 2814.923448
1790854132.520197 2814.608872
1790854132.620197 2814.293922
1790854132.720197 2813.978599
1790854132.820197 2813.662902
1790854132.920197 2813.346831
1790854133.020197 2813.030384
1790854133.120197 2812.713561
1790854133.220197 2812.396362
1790854133.320197 2812.078787
1790854133.420197 2811.760834
1790854133.520197 2811.442504
1790854133.620197 2811.123796
1790854133.720197 2810.804709
1790854133.820197 2810.485243
1790854133.920197 2810.165397
1790854134.020197 2809.845171
1790854134.120197 2809.524564
1790854134.220197 2809.203577
1790854134.320197 2808.882207
1790854134.420197 2808.560456
1790854134.520197 2808.238322
1790854134.620197 2807.915805
1790854134.720197 2807.592904
1790854134.820197 2807.269619
1790854134.920197 2806.945949
1790854135.020197 2806.621894
1790854135.120197 2806.297454
1790854135.220197 2805.972627
1790854135.320197 2805.647414
1790854135.420197 2805.321813
1790854135.520197 2804.995825
1790854135.620197 2804.669448
1790854135.720197 2804.342683
1790854135.820197 2804.015528
1790854135.920197 2803.687984
1790854136.020197 2803.360049
1790854136.120197 2803.031724
1790854136.220197 2802.703007
1790854136.320197 2802.373898
1790854136.420197 2802.044398
1790854136.520197 2801.714504
1790854136.620197 2801.384217
1790854136.720197 2801.053536
1790854136.820197 2800.722460
1790854136.920197 2800.390990
1790854137.020197 2800.059124
1790854137.120197 2799.726862
1790854137.220197 2799.394203
1790854137.320197 2799.061148
1790854137.420197 2798.727695
1790854137.520197 2798.393843
1790854137.620197 2798.059594
1790854137.720197 2797.724945
1790854137.820197 2797.389896
1790854137.920197 2797.054447
1790854138.020197 2796.718598
1790854138.120197 2796.382347
1790854138.220197 2796.045694
1790854138.320197 2795.708639
1790854138.420197 2795.371181
1790854138.520197 2795.033320
1790854138.620197 2794.695055
1790854138.720197 2794.356385
1790854138.820197 2794.017310
1790854138.920197 2793.677830
1790854139.020197 2793.337944
1790854139.120197 2792.997651
1790854139.220197 2792.656951
1790854139.320197 2792.315843
1790854139.420197 2791.974327
1790854139.520197 2791.632402
1790854139.620197 2791.290067
1790854139.720197 2790.947323
1790854139.820197 2790.604169
1790854139.920197 2790.260603
1790854140.020197 2789.916626
1790854140.120197 2789.572237
1790854140.220197 2789.227435
1790854140.320197 2788.882220
1790854140.420197 2788.536592
1790854140.520197 2788.190549
1790854140.620197 2787.844091
1790854140.720197 2787.497218
1790854140.820197 2787.149929
1790854140.920197 2786.802223
1790854141.020197 2786.454101
1790854141.120197 2786.105560
1790854141.220197 2785.756602
1790854141.320197 2785.407225
1790854141.420197 2785.057429
1790854141.520197 2784.707213
1790854141.620197 2784.356576
1790854141.720197 2784.005519
1790854141.820197 2783.654040
1790854141.920197 2783.302139
1790854142.020197 2782.949815
1790854142.120197 2782.597068
1790854142.220197 2782.243898
1790854142.320197 2781.890303
1790854142.420197 2781.536283
1790854142.520197 2781.181838
1790854142.620197 2780.826967
1790854142.720197 2780.471669
1790854142.820197 2780.115944
1790854142.920197 2779.759791
1790854143.020197 2779.403210
1790854143.120197 2779.046200
1790854143.220197 2778.688760
1790854143.320197 2778.330891
1790854143.420197 2777.972590
1790854143.520197 2777.613859
1790854143.620197 2777.254696
1790854143.720197 2776.895101
1790854143.820197 2776.535072
1790854143.920197 2776.174610
1790854144.020197 2775.813715
1790854144.120197 2775.452384
1790854144.220197 2775.090618
1790854144.320197 2774.728416
1790854144.420197 2774.365778
1790854144.520197 2774.002703
1790854144.620197 2773.639191
1790854144.720197 2773.275240
1790854144.820197 2772.910850
1790854144.920197 2772.546021
1790854145.020197 2772.180752
1790854145.120197 2771.815043
1790854145.220197 2771.448892
1790854145.320197 2771.082300
1790854145.420197 2770.715266
1790854145.520197 2770.347788
1790854145.620197 2769.979867
1790854145.720197 2769.611502
1790854145.820197 2769.242692
1790854145.920197 2768.873437
1790854146.020197 2768.503736
1790854146.120197 2768.133589
1790854146.220197 2767.762995
1790854146.320197 2767.391953
1790854146.420197 2767.020462
1790854146.520197 2766.648523
1790854146.620197 2766.276134
1790854146.720197 2765.903295
1790854146.820197 2765.530005
1790854146.920197 2765.156265
1790854147.020197 2764.782072
1790854147.120197 2764.407426
1790854147.220197 2764.032328
1790854147.320197 2763.656776
1790854147.420197 2763.280769
1790854147.520197 2762.904307
1790854147.620197 2762.527390
1790854147.720197 2762.150017
1790854147.820197 2761.772187
1790854147.920197 2761.393899
1790854148.020197 2761.015154
1790854148.120197 2760.635949
1790854148.220197 2760.256286
1790854148.320197 2759.876162
1790854148.420197 2759.495578
1790854148.520197 2759.114533
1790854148.620197 2758.733026
1790854148.720197 2758.351057
1790854148.820197 2757.968625
1790854148.920197 2757.585729
1790854149.020197 2757.202369
1790854149.120197 2756.818544
1790854149.220197 2756.434253
1790854149.320197 2756.049496
1790854149.420197 2755.664273
1790854149.520197 2755.278582
1790854149.620197 2754.892423
1790854149.720197 2754.505795
1790854149.820197 2754.118699
1790854149.920197 2753.731132
1790854150.020197 2753.343094
1790854150.120197 2752.954586
1790854150.220197 2752.565605
1790854150.320197 2752.176152
1790854150.420197 2751.786226
1790854150.520197 2751.395826
1790854150.620197 2751.004952
1790854150.720197 2750.613603
1790854150.820197 2750.221778
1790854150.920197 2749.829476
1790854151.020197 2749.436698
1790854151.120197 2749.043442
1790854151.220197 2748.649708
1790854151.320197 2748.255494
1790854151.420197 2747.860802
1790854151.520197 2747.465629
1790854151.620197 2747.069975
1790854151.720197 2746.673840
1790854151.820197 2746.277222
1790854151.920197 2745.880122
1790854152.020197 2745.482538
1790854152.120197 2745.084470
1790854152.220197 2744.685917
1790854152.320197 2744.286879
1790854152.420197 2743.887354
1790854152.520197 2743.487343
1790854152.620197 2743.086844
1790854152.720197 2742.685858
1790854152.820197 2742.284382
1790854152.920197 2741.882417
1790854153.020197 2741.479962
1790854153.120197 2741.077017
1790854153.220197 2740.673579
1790854153.320197 2740.269650
1790854153.420197 2739.865228
1790854153.520197 2739.460313
1790854153.620197 2739.054903
1790854153.720197 2738.648999
1790854153.820197 2738.242599
1790854153.920197 2737.835703
1790854154.020197 2737.428310
1790854154.120197 2737.020420
1790854154.220197 2736.612032
1790854154.320197 2736.203145
1790854154.420197 2735.793758
1790854154.520197 2735.383871
1790854154.620197 2734.973484
1790854154.720197 2734.562594
1790854154.820197 2734.151203
1790854154.920197 2733.739309
1790854155.020197 2733.326911
1790854155.120197 2732.914008
1790854155.220197 2732.500601
1790854155.320197 2732.086688
1790854155.420197 2731.672269
1790854155.520197 2731.257343
1790854155.620197 2730.841909
1790854155.720197 2730.425966
1790854155.820197 2730.009515
1790854155.920197 2729.592553
1790854156.020197 2729.175081
1790854156.120197 2728.757098
1790854156.220197 2728.338603
1790854156.320197 2727.919596
1790854156.420197 2727.500075
1790854156.520197 2727.080040
1790854156.620197 2726.659491
1790854156.720197 2726.238426
1790854156.820197 2725.816845
1790854156.920197 2725.394747
1790854157.020197 2724.972131
1790854157.120197 2724.548998
1790854157.220197 2724.125345
1790854157.320197 2723.701173
1790854157.420197 2723.276481
1790854157.520197 2722.851267
1790854157.620197 2722.425532
1790854157.720197 2721.999274
1790854157.820197 2721.572493
1790854157.920197 2721.145188
1790854158.020197 2720.717358
1790854158.120197 2720.289003
1790854158.220197 2719.860122
1790854158.320197 2719.430715
1790854158.420197 2719.000779
1790854158.520197 2718.570316
1790854158.620197 2718.139323
1790854158.720197 2717.707801
1790854158.820197 2717.275749
1790854158.920197 2716.843165
1790854159.020197 2716.410049
1790854159.120197 2715.976401
1790854159.220197 2715.542220
1790854159.320197 2715.107504
1790854159.420197 2714.672254
1790854159.520197 2714.236469
1790854159.620197 2713.800147
1790854159.720197 2713.363288
1790854159.820197 2712.925891
1790854159.920197 2712.487956
1790854160.020197 2712.049482
1790854160.120197 2711.610467
1790854160.220197 2711.170913
1790854160.320197 2710.730816
1790854160.420197 2710.290178
1790854160.520197 2709.848997
1790854160.620197 2709.407272
1790854160.720197 2708.965002
1790854160.820197 2708.522188
1790854160.920197 2708.078828
1790854161.020197 2707.634921
1790854161.120197 2707.190467
1790854161.220197 2706.745464
1790854161.320197 2706.299913
1790854161.420197 2705.853812
1790854161.520197 2705.407161
1790854161.620197 2704.959958
1790854161.720197 2704.512204
1790854161.820197 2704.063897
1790854161.920197 2703.615036
1790854162.020197 2703.165622
1790854162.120197 2702.715652
1790854162.220197 2702.265127
1790854162.320197 2701.814046
1790854162.420197 2701.362407
1790854162.520197 2700.910210
1790854162.620197 2700.457454
1790854162.720197 2700.004139
1790854162.820197 2699.550263
1790854162.920197 2699.095827
1790854163.020197 2698.640829
1790854163.120197 2698.185268
1790854163.220197 2697.729143
1790854163.320197 2697.272455
1790854163.420197 2696.815201
1790854163.520197 2696.357382
1790854163.620197 2695.898997
1790854163.720197 2695.440044
1790854163.820197 2694.980523
1790854163.920197 2694.520433
1790854164.020197 2694.059774
1790854164.120197 2693.598544
1790854164.220197 2693.136743
1790854164.320197 2692.674370
1790854164.420197 2692.211424
1790854164.520197 2691.747905
1790854164.620197 2691.283811
1790854164.720197 2690.819143
1790854164.820197 2690.353898
1790854164.920197 2689.888077
1790854165.020197 2689.421678
1790854165.120197 2688.954701
1790854165.220197 2688.487145
1790854165.320197 2688.019008
1790854165.420197 2687.550292
1790854165.520197 2687.080993
1790854165.620197 2686.611113
1790854165.720197 2686.140649
1790854165.820197 2685.669601
1790854165.920197 2685.197969
1790854166.020197 2684.725751
1790854166.120197 2684.252947
1790854166.220197 2683.779556
1790854166.320197 2683.305577
1790854166.420197 2682.831009
1790854166.520197 2682.355851
1790854166.620197 2681.880103
1790854166.720197 2681.403764
1790854166.820197 2680.926833
1790854166.920197 2680.449309
1790854167.020197 2679.971192
1790854167.120197 2679.492480
1790854167.220197 2679.013172
1790854167.320197 2678.533269
1790854167.420197 2678.052769
1790854167.520197 2677.571670
1790854167.620197 2677.089974
1790854167.720197 2676.607678
1790854167.820197 2676.124782
1790854167.920197 2675.641284
1790854168.020197 2675.157185
1790854168.120197 2674.672483
1790854168.220197 2674.187178
1790854168.320197 2673.701268
1790854168.420197 2673.214753
1790854168.520197 2672.727631
1790854168.620197 2672.239903
1790854168.720197 2671.751568
1790854168.820197 2671.262623
1790854168.920197 2670.773069
1790854169.020197 2670.282905
1790854169.120197 2669.792130
1790854169.220197 2669.300743
1790854169.320197 2668.808743
1790854169.420197 2668.316130
1790854169.520197 2667.822902
1790854169.620197 2667.329059
1790854169.720197 2666.834599
1790854169.820197 2666.339523
1790854169.920197 2665.843828
1790854170.020197 2665.347515
1790854170.120197 2664.850582
1790854170.220197 2664.353029
1790854170.320197 2663.854854
1790854170.420197 2663.356058
1790854170.520197 2662.856638
1790854170.620197 2662.356594
1790854170.720197 2661.855926
1790854170.820197 2661.354632
1790854170.920197 2660.852711
1790854171.020197 2660.350163
1790854171.120197 2659.846987
1790854171.220197 2659.343182
1790854171.320197 2658.838747
1790854171.420197 2658.333681
1790854171.520197 2657.827983
1790854171.620197 2657.321653
1790854171.720197 2656.814689
1790854171.820197 2656.307091
1790854171.920197 2655.798857
1790854172.020197 2655.289988
1790854172.120197 2654.780482
1790854172.220197 2654.270337
1790854172.320197 2653.759554
1790854172.420197 2653.248132
1790854172.520197 2652.736068
1790854172.620197 2652.223364
1790854172.720197 2651.710017
1790854172.820197 2651.196027
1790854172.920197 2650.681393
1790854173.020197 2650.166113
1790854173.120197 2649.650188
1790854173.220197 2649.133617
1790854173.320197 2648.616397
1790854173.420197 2648.098529
1790854173.520197 2647.580012
1790854173.620197 2647.060844
1790854173.720197 2646.541025
1790854173.820197 2646.020554
1790854173.920197 2645.499430
1790854174.020197 2644.977652
1790854174.120197 2644.455219
1790854174.220197 2643.932130
1790854174.320197 2643.408385
1790854174.420197 2642.883981
1790854174.520197 2642.358920
1790854174.620197 2641.833199
1790854174.720197 2641.306818
1790854174.820197 2640.779775
1790854174.920197 2640.252070
1790854175.020197 2639.723702
1790854175.120197 2639.194671
1790854175.220197 2638.664974
1790854175.320197 2638.134611
1790854175.420197 2637.603582
1790854175.520197 2637.071885
1790854175.620197 2636.539519
1790854175.720197 2636.006484
1790854175.820197 2635.472778
1790854175.920197 2634.938401
1790854176.020197 2634.403351
1790854176.120197 2633.867628
1790854176.220197 2633.331231
1790854176.320197 2632.794159
1790854176.420197 2632.256411
1790854176.520197 2631.717986
1790854176.620197 2631.178883
1790854176.720197 2630.639101
1790854176.820197 2630.098639
1790854176.920197 2629.557496
1790854177.020197 2629.015672
1790854177.120197 2628.473164
1790854177.220197 2627.929974
1790854177.320197 2627.386098
1790854177.420197 2626.841538
1790854177.520197 2626.296290
1790854177.620197 2625.750356
1790854177.720197 2625.203732
1790854177.820197 2624.656420
1790854177.920197 2624.108417
1790854178.020197 2623.559723
1790854178.120197 2623.010337
1790854178.220197 2622.460258
1790854178.320197 2621.909484
1790854178.420197 2621.358016
1790854178.520197 2620.805851
1790854178.620197 2620.252989
1790854178.720197 2619.699430
1790854178.820197 2619.145171
1790854178.920197 2618.590212
1790854179.020197 2618.034553
1790854179.120197 2617.478191
1790854179.220197 2616.921127
1790854179.320197 2616.363359
1790854179.420197 2615.804886
1790854179.520197 2615.245708
1790854179.620197 2614.685822
1790854179.720197 2614.125229
1790854179.820197 2613.563927
1790854179.920197 2613.001915
1790854180.020197 2612.439193
1790854180.120197 2611.875759
1790854180.220197 2611.311612
1790854180.320197 2610.746752
1790854180.420197 2610.181177
1790854180.520197 2609.614886
1790854180.620197 2609.047879
1790854180.720197 2608.480154
1790854180.820197 2607.911710
1790854180.920197 2607.342547
1790854181.020197 2606.772663
1790854181.120197 2606.202058
1790854181.220197 2605.630730
1790854181.320197 2605.058678
1790854181.420197 2604.485901
1790854181.520197 2603.912399
1790854181.620197 2603.338171
1790854181.720197 2602.763214
1790854181.820197 2602.187529
1790854181.920197 2601.611115
1790854182.020197 2601.033969
1790854182.120197 2600.456092
1790854182.220197 2599.877482
1790854182.320197 2599.298138
1790854182.420197 2598.718060
1790854182.520197 2598.137246
1790854182.620197 2597.555695
1790854182.720197 2596.973406
1790854182.820197 2596.390378
1790854182.920197 2595.806610
1790854183.020197 2595.222102
1790854183.120197 2594.636852
1790854183.220197 2594.050858
1790854183.320197 2593.464121
1790854183.420197 2592.876638
1790854183.520197 2592.288410
1790854183.620197 2591.699434
1790854183.720197 2591.109710
1790854183.820197 2590.519237
1790854183.920197 2589.928014
1790854184.020197 2589.336040
1790854184.120197 2588.743313
1790854184.220197 2588.149833
1790854184.320197 2587.555598
1790854184.420197 2586.960608
1790854184.520197 2586.364862
1790854184.620197 2585.768358
1790854184.720197 2585.171095
1790854184.820197 2584.573073
1790854184.920197 2583.974290
1790854185.020197 2583.374745
1790854185.120197 2582.774438
1790854185.220197 2582.173366
1790854185.320197 2581.571530
1790854185.420197 2580.968928
1790854185.520197 2580.365558
1790854185.620197 2579.761421
1790854185.720197 2579.156514
1790854185.820197 2578.550837
1790854185.920197 2577.944389
1790854186.020197 2577.337168
1790854186.120197 2576.729174
1790854186.220197 2576.120405
1790854186.320197 2575.510861
1790854186.420197 2574.900540
1790854186.520197 2574.289441
1790854186.620197 2573.677564
1790854186.720197 2573.064906
1790854186.820197 2572.451468
1790854186.920197 2571.837247
1790854187.020197 2571.222243
1790854187.120197 2570.606455
1790854187.220197 2569.989882
1790854187.320197 2569.372522
1790854187.420197 2568.754374
1790854187.520197 2568.135438
1790854187.620197 2567.515713
1790854187.720197 2566.895196
1790854187.820197 2566.273888
1790854187.920197 2565.651786
1790854188.020197 2565.028891
1790854188.120197 2564.405200
1790854188.220197 2563.780713
1790854188.320197 2563.155428
1790854188.420197 2562.529345
1790854188.520197 2561.902462
1790854188.620197 2561.274779
1790854188.720197 2560.646294
1790854188.820197 2560.017006
1790854188.920197 2559.386913
1790854189.020197 2558.756016
1790854189.120197 2558.124312
1790854189.220197 2557.491801
1790854189.320197 2556.858481
1790854189.420197 2556.224352
1790854189.520197 2555.589412
1790854189.620197 2554.953660
1790854189.720197 2554.317095
1790854189.820197 2553.679716
1790854189.920197 2553.041521
1790854190.020197 2552.402510
1790854190.120197 2551.762682
1790854190.220197 2551.122035
1790854190.320197 2550.480568
1790854190.420197 2549.838280
1790854190.520197 2549.195170
1790854190.620197 2548.551237
1790854190.720197 2547.906480
1790854190.820197 2547.260897
1790854190.920197 2546.614487
1790854191.020197 2545.967250
1790854191.120197 2545.319184
1790854191.220197 2544.670287
1790854191.320197 2544.020560
1790854191.420197 2543.370000
1790854191.520197 2542.718606
1790854191.620197 2542.066378
1790854191.720197 2541.413314
1790854191.820197 2540.759413
1790854191.920197 2540.104674
1790854192.020197 2539.449096
1790854192.120197 2538.792677
1790854192.220197 2538.135417
1790854192.320197 2537.477314
1790854192.420197 2536.818366
1790854192.520197 2536.158574
1790854192.620197 2535.497936
1790854192.720197 2534.836450
1790854192.820197 2534.174115
1790854192.920197 2533.510931
1790854193.020197 2532.846895
1790854193.120197 2532.182008
1790854193.220197 2531.516267
1790854193.320197 2530.849671
1790854193.420197 2530.182220
1790854193.520197 2529.513913
1790854193.620197 2528.844747
1790854193.720197 2528.174721
1790854193.820197 2527.503836
1790854193.920197 2526.832089
1790854194.020197 2526.159479
1790854194.120197 2525.486005
1790854194.220197 2524.811666
1790854194.320197 2524.136460
1790854194.420197 2523.460387
1790854194.520197 2522.783445
1790854194.620197 2522.105634
1790854194.720197 2521.426951
1790854194.820197 2520.747395
1790854194.920197 2520.066967
1790854195.020197 2519.385663
1790854195.120197 2518.703484
1790854195.220197 2518.020427
1790854195.320197 2517.336492
1790854195.420197 2516.651677
1790854195.520197 2515.965981
1790854195.620197 2515.279404
1790854195.720197 2514.591943
1790854195.820197 2513.903598
1790854195.920197 2513.214367
1790854196.020197 2512.524249
1790854196.120197 2511.833243
1790854196.220197 2511.141348
1790854196.320197 2510.448562
1790854196.420197 2509.754885
1790854196.520197 2509.060314
1790854196.620197 2508.364849
1790854196.720197 2507.668489
1790854196.820197 2506.971232
1790854196.920197 2506.273077
1790854197.020197 2505.574023
1790854197.120197 2504.874069
1790854197.220197 2504.173213
1790854197.320197 2503.471454
1790854197.420197 2502.768790
1790854197.520197 2502.065222
1790854197.620197 2501.360747
1790854197.720197 2500.655364
1790854197.820197 2499.949072
1790854197.920197 2499.241870
1790854198.020197 2498.533756
1790854198.120197 2497.824729
1790854198.220197 2497.114788
1790854198.320197 2496.403932
1790854198.420197 2495.692159
1790854198.520197 2494.979468
1790854198.620197 2494.265858
1790854198.720197 2493.551328
1790854198.820197 2492.835876
1790854198.920197 2492.119501
1790854199.020197 2491.402202
1790854199.120197 2490.683977
1790854199.220197 2489.964826
1790854199.320197 2489.244747
1790854199.420197 2488.523739
1790854199.520197 2487.801800
1790854199.620197 2487.078929
1790854199.720197 2486.355125
1790854199.820197 2485.630387
1790854199.920197 2484.904713
1790854200.020197 2484.178102
1790854200.120197 2483.450553
1790854200.220197 2482.722065
1790854200.320197 2481.992635
1790854200.420197 2481.262264
1790854200.520197 2480.530949
1790854200.620197 2479.798690
1790854200.720197 2479.065485
1790854200.820197 2478.331333
1790854200.920197 2477.596232
1790854201.020197 2476.860181
1790854201.120197 2476.123179
1790854201.220197 2475.385225
1790854201.320197 2474.646317
1790854201.420197 2473.906454
1790854201.520197 2473.165635
1790854201.620197 2472.423858
1790854201.720197 2471.681122
1790854201.820197 2470.937426
1790854201.920197 2470.192768
1790854202.020197 2469.447148
1790854202.120197 2468.700563
1790854202.220197 2467.953013
1790854202.320197 2467.204496
1790854202.420197 2466.455011
1790854202.520197 2465.704557
1790854202.620197 2464.953132
1790854202.720197 2464.200735
1790854202.820197 2463.447364
1790854202.920197 2462.693018
1790854203.020197 2461.937697
1790854203.120197 2461.181398
1790854203.220197 2460.424121
1790854203.320197 2459.665863
1790854203.420197 2458.906624
1790854203.520197 2458.146403
1790854203.620197 2457.385197
1790854203.720197 2456.623006
1790854203.820197 2455.859828
1790854203.920197 2455.095662
1790854204.020197 2454.330507
1790854204.120197 2453.564361
1790854204.220197 2452.797223
1790854204.320197 2452.029092
1790854204.420197 2451.259965
1790854204.520197 2450.489843
1790854204.620197 2449.718723
1790854204.720197 2448.946604
1790854204.820197 2448.173486
1790854204.920197 2447.399365
1790854205.020197 2446.624242
1790854205.120197 2445.848114
1790854205.220197 2445.070981
1790854205.320197 2444.292841
1790854205.420197 2443.513692
1790854205.520197 2442.733534
1790854205.620197 2441.952365
1790854205.720197 2441.170183
1790854205.820197 2440.386987
1790854205.920197 2439.602776
1790854206.020197 2438.817549
1790854206.120197 2438.031304
1790854206.220197 2437.244039
1790854206.320197 2436.455754
1790854206.420197 2435.666446
1790854206.520197 2434.876116
1790854206.620197 2434.084760
1790854206.720197 2433.292378
1790854206.820197 2432.498969
1790854206.920197 2431.704531
1790854207.020197 2430.909062
1790854207.120197 2430.112561
1790854207.220197 2429.315028
1790854207.320197 2428.516460
1790854207.420197 2427.716856
1790854207.520197 2426.916214
1790854207.620197 2426.114534
1790854207.720197 2425.311814
1790854207.820197 2424.508052
1790854207.920197 2423.703247
1790854208.020197 2422.897398
1790854208.120197 2422.090504
1790854208.220197 2421.282562
1790854208.320197 2420.473571
1790854208.420197 2419.663531
1790854208.520197 2418.852439
1790854208.620197 2418.040295
1790854208.720197 2417.227096
1790854208.820197 2416.412842
1790854208.920197 2415.597531
1790854209.020197 2414.781161
1790854209.120197 2413.963732
1790854209.220197 2413.145241
1790854209.320197 2412.325688
1790854209.420197 2411.505070
1790854209.520197 2410.683387
1790854209.620197 2409.860637
1790854209.720197 2409.036819
1790854209.820197 2408.211930
1790854209.920197 2407.385971
1790854210.020197 2406.558939
1790854210.120197 2405.730832
1790854210.220197 2404.901651
1790854210.320197 2404.071392
1790854210.420197 2403.240055
1790854210.520197 2402.407637
1790854210.620197 2401.574139
1790854210.720197 2400.739558
1790854210.820197 2399.903893
1790854210.920197 2399.067142
1790854211.020197 2398.229304
1790854211.120197 2397.390377
1790854211.220197 2396.550360
1790854211.320197 2395.709253
1790854211.420197 2394.867052
1790854211.520197 2394.023756
1790854211.620197 2393.179365
1790854211.720197 2392.333877
1790854211.820197 2391.487290
1790854211.920197 2390.639603
1790854212.020197 2389.790814
1790854212.120197 2388.940923
1790854212.220197 2388.089926
1790854212.320197 2387.237824
1790854212.420197 2386.384614
1790854212.520197 2385.530295
1790854212.620197 2384.674866
1790854212.720197 2383.818325
1790854212.820197 2382.960670
1790854212.920197 2382.101901
1790854213.020197 2381.242015
1790854213.120197 2380.381012
1790854213.220197 2379.518889
1790854213.320197 2378.655645
1790854213.420197 2377.791280
1790854213.520197 2376.925790
1790854213.620197 2376.059176
1790854213.720197 2375.191434
1790854213.820197 2374.322565
1790854213.920197 2373.452566
1790854214.020197 2372.581435
1790854214.120197 2371.709172
1790854214.220197 2370.835775
1790854214.320197 2369.961242
1790854214.420197 2369.085573
1790854214.520197 2368.208764
1790854214.620197 2367.330815
1790854214.720197 2366.451725
1790854214.820197 2365.571492
1790854214.920197 2364.690114
1790854215.020197 2363.807590
1790854215.120197 2362.923918
1790854215.220197 2362.039097
1790854215.320197 2361.153126
1790854215.420197 2360.266002
1790854215.520197 2359.377725
1790854215.620197 2358.488293
1790854215.720197 2357.597703
1790854215.820197 2356.705956
1790854215.920197 2355.813049
1790854216.020197 2354.918981
1790854216.120197 2354.023750
1790854216.220197 2353.127354
1790854216.320197 2352.229793
1790854216.420197 2351.331065
1790854216.520197 2350.431168
1790854216.620197 2349.530100
1790854216.720197 2348.627861
1790854216.820197 2347.724448
1790854216.920197 2346.819860
1790854217.020197 2345.914095
1790854217.120197 2345.007153
1790854217.220197 2344.099031
1790854217.320197 2343.189728
1790854217.420197 2342.279242
1790854217.520197 2341.367573
1790854217.620197 2340.454717
1790854217.720197 2339.540675
1790854217.820197 2338.625443
1790854217.920197 2337.709021
1790854218.020197 2336.791408
1790854218.120197 2335.872601
1790854218.220197 2334.952599
1790854218.320197 2334.031400
1790854218.420197 2333.109004
1790854218.520197 2332.185408
1790854218.620197 2331.260611
1790854218.720197 2330.334611
1790854218.820197 2329.407407
1790854218.920197 2328.478997
1790854219.020197 2327.549379
1790854219.120197 2326.618553
1790854219.220197 2325.686516
1790854219.320197 2324.753268
1790854219.420197 2323.818805
1790854219.520197 2322.883128
1790854219.620197 2321.946233
1790854219.720197 2321.008121
1790854219.820197 2320.068788
1790854219.920197 2319.128235
1790854220.020197 2318.186458
1790854220.120197 2317.243456
1790854220.220197 2316.299229
1790854220.320197 2315.353774
1790854220.420197 2314.407089
1790854220.520197 2313.459174
1790854220.620197 2312.510026
1790854220.720197 2311.559644
1790854220.820197 2310.608027
1790854220.920197 2309.655172
1790854221.020197 2308.701079
1790854221.120197 2307.745745
1790854221.220197 2306.789169
1790854221.320197 2305.831350
1790854221.420197 2304.872286
1790854221.520197 2303.911975
1790854221.620197 2302.950416
1790854221.720197 2301.987607
1790854221.820197 2301.023547
1790854221.920197 2300.058234
1790854222.020197 2299.091666
1790854222.120197 2298.123841
1790854222.220197 2297.154759
1790854222.320197 2296.184418
1790854222.420197 2295.212815
1790854222.520197 2294.239950
1790854222.620197 2293.265821
1790854222.720197 2292.290426
1790854222.820197 2291.313763
1790854222.920197 2290.335832
1790854223.020197 2289.356630
1790854223.120197 2288.376156
1790854223.220197 2287.394407
1790854223.320197 2286.411384
1790854223.420197 2285.427083
1790854223.520197 2284.441504
1790854223.620197 2283.454645
1790854223.720197 2282.466503
1790854223.820197 2281.477078
1790854223.920197 2280.486368
1790854224.020197 2279.494372
1790854224.120197 2278.501087
1790854224.220197 2277.506512
1790854224.320197 2276.510645
1790854224.420197 2275.513486
1790854224.520197 2274.515031
1790854224.620197 2273.515280
1790854224.720197 2272.514231
1790854224.820197 2271.511883
1790854224.920197 2270.508233
1790854225.020197 2269.503280
1790854225.120197 2268.497023
1790854225.220197 2267.489460
1790854225.320197 2266.480588
1790854225.420197 2265.470408
1790854225.520197 2264.458916
1790854225.620197 2263.446111
1790854225.720197 2262.431993
1790854225.820197 2261.416558
1790854225.920197 2260.399806
1790854226.020197 2259.381734
1790854226.120197 2258.362342
1790854226.220197 2257.341627
1790854226.320197 2256.319588
1790854226.420197 2255.296223
1790854226.520197 2254.271531
1790854226.620197 2253.245510
1790854226.720197 2252.218158
1790854226.820197 2251.189474
1790854226.920197 2250.159456
1790854227.020197 2249.128102
1790854227.120197 2248.095411
1790854227.220197 2247.061381
1790854227.320197 2246.026011
1790854227.420197 2244.989298
1790854227.520197 2243.951242
1790854227.620197 2242.911840
1790854227.720197 2241.871090
1790854227.820197 2240.828992
1790854227.920197 2239.785544
1790854228.020197 2238.740743
1790854228.120197 2237.694589
1790854228.220197 2236.647080
1790854228.320197 2235.598213
1790854228.420197 2234.547987
1790854228.520197 2233.496401
1790854228.620197 2232.443454
1790854228.720197 2231.389142
1790854228.820197 2230.333465
1790854228.920197 2229.276421
1790854229.020197 2228.218008
1790854229.120197 2227.158226
1790854229.220197 2226.097071
1790854229.320197 2225.034542
1790854229.420197 2223.970638
1790854229.520197 2222.905357
1790854229.620197 2221.838697
1790854229.720197 2220.770658
1790854229.820197 2219.701236
1790854229.920197 2218.630430
1790854230.020197 2217.558239
1790854230.120197 2216.484661
1790854230.220197 2215.409695
1790854230.320197 2214.333338
1790854230.420197 2213.255589
1790854230.520197 2212.176447
1790854230.620197 2211.095909
1790854230.720197 2210.013974
1790854230.820197 2208.930640
1790854230.920197 2207.845906
1790854231.020197 2206.759770
1790854231.120197 2205.672231
1790854231.220197 2204.583286
1790854231.320197 2203.492934
1790854231.420197 2202.401173
1790854231.520197 2201.308001
1790854231.620197 2200.213418
1790854231.720197 2199.117421
1790854231.820197 2198.020008
1790854231.920197 2196.921178
1790854232.020197 2195.820930
1790854232.120197 2194.719261
1790854232.220197 2193.616169
1790854232.320197 2192.511654
1790854232.420197 2191.405713
1790854232.520197 2190.298345
1790854232.620197 2189.189549
1790854232.720197 2188.079321
1790854232.820197 2186.967661
1790854232.920197 2185.854568
1790854233.020197 2184.740038
1790854233.120197 2183.624072
1790854233.220197 2182.506666
1790854233.320197 2181.387819
1790854233.420197 2180.267530
1790854233.520197 2179.145797
1790854233.620197 2178.022619
1790854233.720197 2176.897993
1790854233.820197 2175.771917
1790854233.920197 2174.644391
1790854234.020197 2173.515412
1790854234.120197 2172.384979
1790854234.220197 2171.253090
1790854234.320197 2170.119744
1790854234.420197 2168.984938
1790854234.520197 2167.848671
1790854234.620197 2166.710942
1790854234.720197 2165.571748
1790854234.820197 2164.431088
1790854234.920197 2163.288960
1790854235.020197 2162.145363
1790854235.120197 2161.000294
1790854235.220197 2159.853753
1790854235.320197 2158.705738
1790854235.420197 2157.556246
1790854235.520197 2156.405276
1790854235.620197 2155.252826
1790854235.720197 2154.098895
1790854235.820197 2152.943481
1790854235.920197 2151.786583
1790854236.020197 2150.628198
1790854236.120197 2149.468325
1790854236.220197 2148.306962
1790854236.320197 2147.144107
1790854236.420197 2145.979760
1790854236.520197 2144.813917
1790854236.620197 2143.646578
1790854236.720197 2142.477741
1790854236.820197 2141.307403
1790854236.920197 2140.135564
1790854237.020197 2138.962222
1790854237.120197 2137.787374
1790854237.220197 2136.611020
1790854237.320197 2135.433157
1790854237.420197 2134.253784
1790854237.520197 2133.072899
1790854237.620197 2131.890501
1790854237.720197 2130.706587
1790854237.820197 2129.521156
1790854237.920197 2128.334207
1790854238.020197 2127.145737
1790854238.120197 2125.955746
1790854238.220197 2124.764230
1790854238.320197 2123.571189
1790854238.420197 2122.376621
1790854238.520197 2121.180524
1790854238.620197 2119.982897
1790854238.720197 2118.783737
1790854238.820197 2117.583043
1790854238.920197 2116.380814
1790854239.020197 2115.177047
1790854239.120197 2113.971741
1790854239.220197 2112.764894
1790854239.320197 2111.556505
1790854239.420197 2110.346572
1790854239.520197 2109.135093
1790854239.620197 2107.922067
1790854239.720197 2106.707491
1790854239.820197 2105.491365
1790854239.920197 2104.273685
1790854240.020197 2103.054452
1790854240.120197 2101.833662
1790854240.220197 2100.611315
1790854240.320197 2099.387408
1790854240.420197 2098.161940
1790854240.520197 2096.934910
1790854240.620197 2095.706314
1790854240.720197 2094.476153
1790854240.820197 2093.244424
1790854240.920197 2092.011125
1790854241.020197 2090.776255
1790854241.120197 2089.539812
1790854241.220197 2088.301794
1790854241.320197 2087.062200
1790854241.420197 2085.821028
1790854241.520197 2084.578276
1790854241.620197 2083.333943
1790854241.720197 2082.088027
1790854241.820197 2080.840526
1790854241.920197 2079.591438
1790854242.020197 2078.340762
1790854242.120197 2077.088497
1790854242.220197 2075.834639
1790854242.320197 2074.579189
1790854242.420197 2073.322143
1790854242.520197 2072.063501
1790854242.620197 2070.803261
1790854242.720197 2069.541421
1790854242.820197 2068.277978
1790854242.920197 2067.012933
1790854243.020197 2065.746282
1790854243.120197 2064.478025
1790854243.220197 2063.208159
1790854243.320197 2061.936684
1790854243.420197 2060.663596
1790854243.520197 2059.388895
1790854243.620197 2058.112579
1790854243.720197 2056.834646
1790854243.820197 2055.555094
1790854243.920197 2054.273922
1790854244.020197 2052.991129
1790854244.120197 2051.706712
1790854244.220197 2050.420669
1790854244.320197 2049.133000
1790854244.420197 2047.843702
1790854244.520197 2046.552774
1790854244.620197 2045.260214
1790854244.720197 2043.966020
1790854244.820197 2042.670192
1790854244.920197 2041.372726
1790854245.020197 2040.073621
1790854245.120197 2038.772877
1790854245.220197 2037.470490
1790854245.320197 2036.166460
1790854245.420197 2034.860784
1790854245.520197 2033.553462
1790854245.620197 2032.244490
1790854245.720197 2030.933869
1790854245.820197 2029.621596
1790854245.920197 2028.307669
1790854246.020197 2026.992087
1790854246.120197 2025.674847
1790854246.220197 2024.355950
1790854246.320197 2023.035392
1790854246.420197 2021.713172
1790854246.520197 2020.389289
1790854246.620197 2019.063740
1790854246.720197 2017.736524
1790854246.820197 2016.407640
1790854246.920197 2015.077086
1790854247.020197 2013.744860
1790854247.120197 2012.410961
1790854247.220197 2011.075386
1790854247.320197 2009.738135
1790854247.420197 2008.399205
1790854247.520197 2007.058596
1790854247.620197 2005.716304
1790854247.720197 2004.372329
1790854247.820197 2003.026670
1790854247.920197 2001.679323
1790854248.020197 2000.330289
1790854248.120197 1998.979564
1790854248.220197 1997.627148
1790854248.320197 1996.273039
1790854248.420197 1994.917235
1790854248.520197 1993.559735
1790854248.620197 1992.200536
1790854248.720197 1990.839638
1790854248.820197 1989.477039
1790854248.920197 1988.112736
1790854249.020197 1986.746729
1790854249.120197 1985.379016
1790854249.220197 1984.009595
1790854249.320197 1982.638465
1790854249.420197 1981.265623
1790854249.520197 1979.891069
1790854249.620197 1978.514801
1790854249.720197 1977.136817
1790854249.820197 1975.757115
1790854249.920197 1974.375694
1790854250.020197 1972.992553
1790854250.120197 1971.607689
1790854250.220197 1970.221101
1790854250.320197 1968.832788
1790854250.420197 1967.442747
1790854250.520197 1966.050978
1790854250.620197 1964.657479
1790854250.720197 1963.262247
1790854250.820197 1961.865282
1790854250.920197 1960.466582
1790854251.020197 1959.066145
1790854251.120197 1957.663970
1790854251.220197 1956.260055
1790854251.320197 1954.854399
1790854251.420197 1953.446999
1790854251.520197 1952.037855
1790854251.620197 1950.626965
1790854251.720197 1949.214327
1790854251.820197 1947.799939
1790854251.920197 1946.383801
1790854252.020197 1944.965909
1790854252.120197 1943.546264
1790854252.220197 1942.124864
1790854252.320197 1940.701706
1790854252.420197 1939.276789
1790854252.520197 1937.850112
1790854252.620197 1936.421672
1790854252.720197 1934.991470
1790854252.820197 1933.559502
1790854252.920197 1932.125768
1790854253.020197 1930.690266
1790854253.120197 1929.252994
1790854253.220197 1927.813951
1790854253.320197 1926.373135
1790854253.420197 1924.930544
1790854253.520197 1923.486178
1790854253.620197 1922.040035
1790854253.720197 1920.592112
1790854253.820197 1919.142409
1790854253.920197 1917.690924
1790854254.020197 1916.237656
1790854254.120197 1914.782602
1790854254.220197 1913.325762
1790854254.320197 1911.867134
1790854254.420197 1910.406716
1790854254.520197 1908.944507
1790854254.620197 1907.480505
1790854254.720197 1906.014709
1790854254.820197 1904.547118
1790854254.920197 1903.077729
1790854255.020197 1901.606542
1790854255.120197 1900.133554
1790854255.220197 1898.658765
1790854255.320197 1897.182173
1790854255.420197 1895.703776
1790854255.520197 1894.223572
1790854255.620197 1892.741561
1790854255.720197 1891.257741
1790854255.820197 1889.772111
1790854255.920197 1888.284668
1790854256.020197 1886.795411
1790854256.120197 1885.304340
1790854256.220197 1883.811452
1790854256.320197 1882.316746
1790854256.420197 1880.820221
1790854256.520197 1879.321874
1790854256.620197 1877.821706
1790854256.720197 1876.319713
1790854256.820197 1874.815895
1790854256.920197 1873.310250
1790854257.020197 1871.802778
1790854257.120197 1870.293475
1790854257.220197 1868.782341
1790854257.320197 1867.269375
1790854257.420197 1865.754575
1790854257.520197 1864.237940
1790854257.620197 1862.719467
1790854257.720197 1861.199157
1790854257.820197 1859.677006
1790854257.920197 1858.153015
1790854258.020197 1856.627181
1790854258.120197 1855.099503
1790854258.220197 1853.569980
1790854258.320197 1852.038610
1790854258.420197 1850.505392
1790854258.520197 1848.970324
1790854258.620197 1847.433406
1790854258.720197 1845.894634
1790854258.820197 1844.354010
1790854258.920197 1842.811530
1790854259.020197 1841.267193
1790854259.120197 1839.720999
1790854259.220197 1838.172945
1790854259.320197 1836.623031
1790854259.420197 1835.071255
1790854259.520197 1833.517615
1790854259.620197 1831.962110
1790854259.720197 1830.404740
1790854259.820197 1828.845501
1790854259.920197 1827.284394
1790854260.020197 1825.721417
1790854260.120197 1824.156569
1790854260.220197 1822.589847
1790854260.320197 1821.021251
1790854260.420197 1819.450780
1790854260.520197 1817.878432
1790854260.620197 1816.304205
1790854260.720197 1814.728099
1790854260.820197 1813.150113
1790854260.920197 1811.570244
1790854261.020197 1809.988491
1790854261.120197 1808.404854
1790854261.220197 1806.819331
1790854261.320197 1805.231920
1790854261.420197 1803.642620
1790854261.520197 1802.051431
1790854261.620197 1800.458350
1790854261.720197 1798.863377
1790854261.820197 1797.266510
1790854261.920197 1795.667748
1790854262.020197 1794.067089
1790854262.120197 1792.464533
1790854262.220197 1790.860078
1790854262.320197 1789.253723
1790854262.420197 1787.645466
1790854262.520197 1786.035307
1790854262.620197 1784.423243
1790854262.720197 1782.809275
1790854262.820197 1781.193400
1790854262.920197 1779.575617
1790854263.020197 1777.955926
1790854263.120197 1776.334324
1790854263.220197 1774.710812
1790854263.320197 1773.085386
1790854263.420197 1771.458047
1790854263.520197 1769.828793
1790854263.620197 1768.197623
1790854263.720197 1766.564535
1790854263.820197 1764.929529
1790854263.920197 1763.292603
1790854264.020197 1761.653756
1790854264.120197 1760.012987
1790854264.220197 1758.370295
1790854264.320197 1756.725678
1790854264.420197 1755.079136
1790854264.520197 1753.430667
1790854264.620197 1751.780270
1790854264.720197 1750.127944
1790854264.820197 1748.473687
1790854264.920197 1746.817499
1790854265.020197 1745.159379
1790854265.120197 1743.499325
1790854265.220197 1741.837336
1790854265.320197 1740.173412
1790854265.420197 1738.507550
1790854265.520197 1736.839750
1790854265.620197 1735.170011
1790854265.720197 1733.498332
1790854265.820197 1731.824711
1790854265.920197 1730.149148
1790854266.020197 1728.471641
1790854266.120197 1726.792189
1790854266.220197 1725.110791
1790854266.320197 1723.427447
1790854266.420197 1721.742155
1790854266.520197 1720.054913
1790854266.620197 1718.365722
1790854266.720197 1716.674580
1790854266.820197 1714.981485
1790854266.920197 1713.286437
1790854267.020197 1711.589435
1790854267.120197 1709.890478
1790854267.220197 1708.189565
1790854267.320197 1706.486694
1790854267.420197 1704.781865
1790854267.520197 1703.075076
1790854267.620197 1701.366328
1790854267.720197 1699.655618
1790854267.820197 1697.942945
1790854267.920197 1696.228310
1790854268.020197 1694.511710
1790854268.120197 1692.793145
1790854268.220197 1691.072613
1790854268.320197 1689.350115
1790854268.420197 1687.625648
1790854268.520197 1685.899212
1790854268.620197 1684.170807
1790854268.720197 1682.440430
1790854268.820197 1680.708081
1790854268.920197 1678.973760
1790854269.020197 1677.237464
1790854269.120197 1675.499195
1790854269.220197 1673.758949
1790854269.320197 1672.016727
1790854269.420197 1670.272528
1790854269.520197 1668.526350
1790854269.620197 1666.778193
1790854269.720197 1665.028057
1790854269.820197 1663.275939
1790854269.920197 1661.521839
1790854270.020197 1659.765757
1790854270.120197 1658.007692
1790854270.220197 1656.247641
1790854270.320197 1654.485606
1790854270.420197 1652.721585
1790854270.520197 1650.955577
1790854270.620197 1649.187581
1790854270.720197 1647.417597
1790854270.820197 1645.645623
1790854270.920197 1643.871660
1790854271.020197 1642.095705
1790854271.120197 1640.317759
1790854271.220197 1638.537820
1790854271.320197 1636.755888
1790854271.420197 1634.971962
1790854271.520197 1633.186041
1790854271.620197 1631.398124
1790854271.720197 1629.608212
1790854271.820197 1627.816302
1790854271.920197 1626.022394
1790854272.020197 1624.226488
1790854272.120197 1622.428583
1790854272.220197 1620.628677
1790854272.320197 1618.826771
1790854272.420197 1617.022864
1790854272.520197 1615.216954
1790854272.620197 1613.409042
1790854272.720197 1611.599126
1790854272.820197 1609.787206
1790854272.920197 1607.973281
1790854273.020197 1606.157351
1790854273.120197 1604.339415
1790854273.220197 1602.519471
1790854273.320197 1600.697521
1790854273.420197 1598.873562
1790854273.520197 1597.047595
1790854273.620197 1595.219618
1790854273.720197 1593.389632
1790854273.820197 1591.557635
1790854273.920197 1589.723627
1790854274.020197 1587.887607
1790854274.120197 1586.049575
1790854274.220197 1584.209530
1790854274.320197 1582.367471
1790854274.420197 1580.523399
1790854274.520197 1578.677312
1790854274.620197 1576.829210
1790854274.720197 1574.979092
1790854274.820197 1573.126958
1790854274.920197 1571.272808
1790854275.020197 1569.416640
1790854275.120197 1567.558455
1790854275.220197 1565.698251
1790854275.320197 1563.836029
1790854275.420197 1561.971787
1790854275.520197 1560.105526
1790854275.620197 1558.237245
1790854275.720197 1556.366943
1790854275.820197 1554.494620
1790854275.920197 1552.620275
1790854276.020197 1550.743909
1790854276.120197 1548.865520
1790854276.220197 1546.985108
1790854276.320197 1545.102673
1790854276.420197 1543.218215
1790854276.520197 1541.331732
1790854276.620197 1539.443226
1790854276.720197 1537.552694
1790854276.820197 1535.660137
1790854276.920197 1533.765555
1790854277.020197 1531.868947
1790854277.120197 1529.970312
1790854277.220197 1528.069651
1790854277.320197 1526.166964
1790854277.420197 1524.262249
1790854277.520197 1522.355506
1790854277.620197 1520.446735
1790854277.720197 1518.535937
1790854277.820197 1516.623110
1790854277.920197 1514.708254
1790854278.020197 1512.791369
1790854278.120197 1510.872455
1790854278.220197 1508.951512
1790854278.320197 1507.028538
1790854278.420197 1505.103535
1790854278.520197 1503.176501
1790854278.620197 1501.247437
1790854278.720197 1499.316343
1790854278.820197 1497.383217
1790854278.920197 1495.448060
1790854279.020197 1493.510873
1790854279.120197 1491.571653
1790854279.220197 1489.630402
1790854279.320197 1487.687120
1790854279.420197 1485.741805
1790854279.520197 1483.794458
1790854279.620197 1481.845079
1790854279.720197 1479.893668
1790854279.820197 1477.940225
1790854279.920197 1475.984748
1790854280.020197 1474.027239
1790854280.120197 1472.067698
1790854280.220197 1470.106124
1790854280.320197 1468.142516
1790854280.420197 1466.176876
1790854280.520197 1464.209203
1790854280.620197 1462.239497
1790854280.720197 1460.267757
1790854280.820197 1458.293985
1790854280.920197 1456.318179
1790854281.020197 1454.340341
1790854281.120197 1452.360469
1790854281.220197 1450.378564
1790854281.320197 1448.394626
1790854281.420197 1446.408655
1790854281.520197 1444.420651
1790854281.620197 1442.430614
1790854281.720197 1440.438544
1790854281.820197 1438.444442
1790854281.920197 1436.448306
1790854282.020197 1434.450138
1790854282.120197 1432.449938
1790854282.220197 1430.447705
1790854282.320197 1428.443439
1790854282.420197 1426.437142
1790854282.520197 1424.428812
1790854282.620197 1422.418451
1790854282.720197 1420.406057
1790854282.820197 1418.391632
1790854282.920197 1416.375176
1790854283.020197 1414.356689
1790854283.120197 1412.336170
1790854283.220197 1410.313621
1790854283.320197 1408.289041
1790854283.420197 1406.262431
1790854283.520197 1404.233790
1790854283.620197 1402.203120
1790854283.720197 1400.170420
1790854283.820197 1398.135691
1790854283.920197 1396.098932
1790854284.020197 1394.060145
1790854284.120197 1392.019330
1790854284.220197 1389.976486
1790854284.320197 1387.931614
1790854284.420197 1385.884715
1790854284.520197 1383.835789
1790854284.620197 1381.784836
1790854284.720197 1379.731856
1790854284.820197 1377.676850
1790854284.920197 1375.619819
1790854285.020197 1373.560762
1790854285.120197 1371.499680
1790854285.220197 1369.436574
1790854285.320197 1367.371443
1790854285.420197 1365.304289
1790854285.520197 1363.235112
1790854285.620197 1361.163912
1790854285.720197 1359.090690
1790854285.820197 1357.015446
1790854285.920197 1354.938180
1790854286.020197 1352.858894
1790854286.120197 1350.777587
1790854286.220197 1348.694261
1790854286.320197 1346.608915
1790854286.420197 1344.521551
1790854286.520197 1342.432168
1790854286.620197 1340.340768
1790854286.720197 1338.247351
1790854286.820197 1336.151918
1790854286.920197 1334.054468
1790854287.020197 1331.955003
1790854287.120197 1329.853524
1790854287.220197 1327.750031
1790854287.320197 1325.644524
1790854287.420197 1323.537005
1790854287.520197 1321.427474
1790854287.620197 1319.315931
1790854287.720197 1317.202377
1790854287.820197 1315.086814
1790854287.920197 1312.969241
1790854288.020197 1310.849660
1790854288.120197 1308.728071
1790854288.220197 1306.604475
1790854288.320197 1304.478873
1790854288.420197 1302.351265
1790854288.520197 1300.221652
1790854288.620197 1298.090036
1790854288.720197 1295.956416
1790854288.820197 1293.820793
1790854288.920197 1291.683170
1790854289.020197 1289.543545
1790854289.120197 1287.401921
1790854289.220197 1285.258297
1790854289.320197 1283.112676
1790854289.420197 1280.965057
1790854289.520197 1278.815441
1790854289.620197 1276.663831
1790854289.720197 1274.510225
1790854289.820197 1272.354627
1790854289.920197 1270.197035
1790854290.020197 1268.037452
1790854290.120197 1265.875878
1790854290.220197 1263.712314
1790854290.320197 1261.546761
1790854290.420197 1259.379220
1790854290.520197 1257.209693
1790854290.620197 1255.038180
1790854290.720197 1252.864682
1790854290.820197 1250.689200
1790854290.920197 1248.511736
1790854291.020197 1246.332290
1790854291.120197 1244.150864
1790854291.220197 1241.967458
1790854291.320197 1239.782074
1790854291.420197 1237.594713
1790854291.520197 1235.405376
1790854291.620197 1233.214063
1790854291.720197 1231.020777
1790854291.820197 1228.825519
1790854291.920197 1226.628289
1790854292.020197 1224.429089
1790854292.120197 1222.227920
1790854292.220197 1220.024783
1790854292.320197 1217.819679
1790854292.420197 1215.612610
1790854292.520197 1213.403578
1790854292.620197 1211.192582
1790854292.720197 1208.979625
1790854292.820197 1206.764707
1790854292.920197 1204.547831
1790854293.020197 1202.328997
1790854293.120197 1200.108206
1790854293.220197 1197.885461
1790854293.320197 1195.660762
1790854293.420197 1193.434111
1790854293.520197 1191.205509
1790854293.620197 1188.974958
1790854293.720197 1186.742458
1790854293.820197 1184.508012
1790854293.920197 1182.271620
1790854294.020197 1180.033285
1790854294.120197 1177.793008
1790854294.220197 1175.550789
1790854294.320197 1173.306632
1790854294.420197 1171.060536
1790854294.520197 1168.812504
1790854294.620197 1166.562537
1790854294.720197 1164.310637
1790854294.820197 1162.056805
1790854294.920197 1159.801042
1790854295.020197 1157.543351
1790854295.120197 1155.283733
1790854295.220197 1153.022190
1790854295.320197 1150.758722
1790854295.420197 1148.493333
1790854295.520197 1146.226022
1790854295.620197 1143.956793
1790854295.720197 1141.685646
1790854295.820197 1139.412584
1790854295.920197 1137.137607
1790854296.020197 1134.860719
1790854296.120197 1132.581920
1790854296.220197 1130.301211
1790854296.320197 1128.018596
1790854296.420197 1125.734076
1790854296.520197 1123.447652
1790854296.620197 1121.159326
1790854296.720197 1118.869100
1790854296.820197 1116.576975
1790854296.920197 1114.282955
1790854297.020197 1111.987040
1790854297.120197 1109.689232
1790854297.220197 1107.389533
1790854297.320197 1105.087945
1790854297.420197 1102.784470
1790854297.520197 1100.479110
1790854297.620197 1098.171866
1790854297.720197 1095.862741
1790854297.820197 1093.551736
1790854297.920197 1091.238854
1790854298.020197 1088.924097
1790854298.120197 1086.607466
1790854298.220197 1084.288963
1790854298.320197 1081.968590
1790854298.420197 1079.646350
1790854298.520197 1077.322245
1790854298.620197 1074.996276
1790854298.720197 1072.668445
1790854298.820197 1070.338755
1790854298.920197 1068.007208
1790854299.020197 1065.673805
1790854299.120197 1063.338550
1790854299.220197 1061.001443
1790854299.320197 1058.662487
1790854299.420197 1056.321685
1790854299.520197 1053.979039
1790854299.620197 1051.634549
1790854299.720197 1049.288220
1790854299.820197 1046.940053
1790854299.920197 1044.590050
1790854300.020197 1042.238213
1790854300.120197 1039.884545
1790854300.220197 1037.529048
1790854300.320197 1035.171725
1790854300.420197 1032.812577
1790854300.520197 1030.451606
1790854300.620197 1028.088816
1790854300.720197 1025.724209
1790854300.820197 1023.357786
1790854300.920197 1020.989550
1790854301.020197 1018.619504
1790854301.120197 1016.247649
1790854301.220197 1013.873989
1790854301.320197 1011.498526
1790854301.420197 1009.121262
1790854301.520197 1006.742199
1790854301.620197 1004.361341
1790854301.720197 1001.978688
1790854301.820197 999.594245
1790854301.920197 997.208013
1790854302.020197 994.819995
1790854302.120197 992.430194
1790854302.220197 990.038611
1790854302.320197 987.645251
1790854302.420197 985.250114
1790854302.520197 982.853204
1790854302.620197 980.454523
1790854302.720197 978.054074
1790854302.820197 975.651859
1790854302.920197 973.247881
1790854303.020197 970.842143
1790854303.120197 968.434648
1790854303.220197 966.025398
1790854303.320197 963.614395
1790854303.420197 961.201643
1790854303.520197 958.787143
1790854303.620197 956.370900
1790854303.720197 953.952915
1790854303.820197 951.533192
1790854303.920197 949.111733
1790854304.020197 946.688540
1790854304.120197 944.263618
1790854304.220197 941.836968
1790854304.320197 939.408593
1790854304.420197 936.978496
1790854304.520197 934.546680
1790854304.620197 932.113148
1790854304.720197 929.677903
1790854304.820197 927.240947
1790854304.920197 924.802284
1790854305.020197 922.361917
1790854305.120197 919.919847
1790854305.220197 917.476079
1790854305.320197 915.030615
1790854305.420197 912.583459
1790854305.520197 910.134613
1790854305.620197 907.684080
1790854305.720197 905.231863
1790854305.820197 902.777965
1790854305.920197 900.322390
1790854306.020197 897.865140
1790854306.120197 895.406219
1790854306.220197 892.945629
1790854306.320197 890.483373
1790854306.420197 888.019455
1790854306.520197 885.553879
1790854306.620197 883.086646
1790854306.720197 880.617760
1790854306.820197 878.147225
1790854306.920197 875.675043
1790854307.020197 873.201217
1790854307.120197 870.725752
1790854307.220197 868.248649
1790854307.320197 865.769913
1790854307.420197 863.289547
1790854307.520197 860.807553
1790854307.620197 858.323936
1790854307.720197 855.838697
1790854307.820197 853.351842
1790854307.920197 850.863372
1790854308.020197 848.373292
1790854308.120197 845.881605
1790854308.220197 843.388313
1790854308.320197 840.893421
1790854308.420197 838.396932
1790854308.520197 835.898849
1790854308.620197 833.399176
1790854308.720197 830.897915
1790854308.820197 828.395071
1790854308.920197 825.890647
1790854309.020197 823.384647
1790854309.120197 820.877073
1790854309.220197 818.367930
1790854309.320197 815.857220
1790854309.420197 813.344948
1790854309.520197 810.831117
1790854309.620197 808.315730
1790854309.720197 805.798792
1790854309.820197 803.280305
1790854309.920197 800.760273
1790854310.020197 798.238700
1790854310.120197 795.715589
1790854310.220197 793.190944
1790854310.320197 790.664770
1790854310.420197 788.137068
1790854310.520197 785.607843
1790854310.620197 783.077099
1790854310.720197 780.544840
1790854310.820197 778.011069
1790854310.920197 775.475789
1790854311.020197 772.939005
1790854311.120197 770.400720
1790854311.220197 767.860939
1790854311.320197 765.319664
1790854311.420197 762.776900
1790854311.520197 760.232650
1790854311.620197 757.686919
1790854311.720197 755.139710
1790854311.820197 752.591026
1790854311.920197 750.040873
1790854312.020197 747.489253
1790854312.120197 744.936170
1790854312.220197 742.381629
1790854312.320197 739.825634
1790854312.420197 737.268187
1790854312.520197 734.709294
1790854312.620197 732.148958
1790854312.720197 729.587183
1790854312.820197 727.023974
1790854312.920197 724.459333
1790854313.020197 721.893265
1790854313.120197 719.325775
1790854313.220197 716.756865
1790854313.320197 714.186541
1790854313.420197 711.614806
1790854313.520197 709.041664
1790854313.620197 706.467120
1790854313.720197 703.891177
1790854313.820197 701.313840
1790854313.920197 698.735112
1790854314.020197 696.154998
1790854314.120197 693.573502
1790854314.220197 690.990628
1790854314.320197 688.406380
1790854314.420197 685.820763
1790854314.520197 683.233781
1790854314.620197 680.645437
1790854314.720197 678.055736
1790854314.820197 675.464683
1790854314.920197 672.872281
1790854315.020197 670.278535
1790854315.120197 667.683449
1790854315.220197 665.087028
1790854315.320197 662.489275
1790854315.420197 659.890195
1790854315.520197 657.289792
1790854315.620197 654.688071
1790854315.720197 652.085036
1790854315.820197 649.480691
1790854315.920197 646.875041
1790854316.020197 644.268090
1790854316.120197 641.659843
1790854316.220197 639.050303
1790854316.320197 636.439476
1790854316.420197 633.827365
1790854316.520197 631.213975
1790854316.620197 628.599311
1790854316.720197 625.983377
1790854316.820197 623.366178
1790854316.920197 620.747718
1790854317.020197 618.128001
1790854317.120197 615.507033
1790854317.220197 612.884817
1790854317.320197 610.261358
1790854317.420197 607.636661
1790854317.520197 605.010730
1790854317.620197 602.383570
1790854317.720197 599.755185
1790854317.820197 597.125580
1790854317.920197 594.494760
1790854318.020197 591.862730
1790854318.120197 589.229493
1790854318.220197 586.595054
1790854318.320197 583.959419
1790854318.420197 581.322592
1790854318.520197 578.684577
1790854318.620197 576.045380
1790854318.720197 573.405004
1790854318.820197 570.763455
1790854318.920197 568.120738
1790854319.020197 565.476856
1790854319.120197 562.831816
1790854319.220197 560.185621
1790854319.320197 557.538277
1790854319.420197 554.889787
1790854319.520197 552.240158
1790854319.620197 549.589394
1790854319.720197 546.937499
1790854319.820197 544.284478
1790854319.920197 541.630337
1790854320.020197 538.975080
1790854320.120197 536.318712
1790854320.220197 533.661238
1790854320.320197 531.002663
1790854320.420197 528.342991
1790854320.520197 525.682228
1790854320.620197 523.020378
1790854320.720197 520.357446
1790854320.820197 517.693438
1790854320.920197 515.028359
1790854321.020197 512.362212
1790854321.120197 509.695004
1790854321.220197 507.026739
1790854321.320197 504.357422
1790854321.420197 501.687058
1790854321.520197 499.015653
1790854321.620197 496.343210
1790854321.720197 493.669736
1790854321.820197 490.995236
1790854321.920197 488.319713
1790854322.020197 485.643174
1790854322.120197 482.965624
1790854322.220197 480.287067
1790854322.320197 477.607508
1790854322.420197 474.926954
1790854322.520197 472.245408
1790854322.620197 469.562877
1790854322.720197 466.879364
1790854322.820197 464.194876
1790854322.920197 461.509418
1790854323.020197 458.822993
1790854323.120197 456.135609
1790854323.220197 453.447270
1790854323.320197 450.757981
1790854323.420197 448.067747
1790854323.520197 445.376574
1790854323.620197 442.684466
1790854323.720197 439.991430
1790854323.820197 437.297470
1790854323.920197 434.602591
1790854324.020197 431.906799
1790854324.120197 429.210100
1790854324.220197 426.512497
1790854324.320197 423.813997
1790854324.420197 421.114606
1790854324.520197 418.414327
1790854324.620197 415.713167
1790854324.720197 413.011131
1790854324.820197 410.308224
1790854324.920197 407.604451
1790854325.020197 404.899819
1790854325.120197 402.194331
1790854325.220197 399.487995
1790854325.320197 396.780814
1790854325.420197 394.072795
1790854325.520197 391.363942
1790854325.620197 388.654262
1790854325.720197 385.943759
1790854325.820197 383.232440
1790854325.920197 380.520308
1790854326.020197 377.807371
1790854326.120197 375.093633
1790854326.220197 372.379100
1790854326.320197 369.663777
1790854326.420197 366.947670
1790854326.520197 364.230784
1790854326.620197 361.513125
1790854326.720197 358.794697
1790854326.820197 356.075508
1790854326.920197 353.355562
1790854327.020197 350.634864
1790854327.120197 347.913421
1790854327.220197 345.191238
1790854327.320197 342.468320
1790854327.420197 339.744672
1790854327.520197 337.020302
1790854327.620197 334.295213
1790854327.720197 331.569412
1790854327.820197 328.842904
1790854327.920197 326.115694
1790854328.020197 323.387789
1790854328.120197 320.659194
1790854328.220197 317.929915
1790854328.320197 315.199957
1790854328.420197 312.469325
1790854328.520197 309.738026
1790854328.620197 307.006065
1790854328.720197 304.273448
1790854328.820197 301.540180
1790854328.920197 298.806267
1790854329.020197 296.071715
1790854329.120197 293.336529
1790854329.220197 290.600715
1790854329.320197 287.864279
1790854329.420197 285.127227
1790854329.520197 282.389563
1790854329.620197 279.651294
1790854329.720197 276.912426
1790854329.820197 274.172964
1790854329.920197 271.432914
1790854330.020197 268.692282
1790854330.120197 265.951074
1790854330.220197 263.209294
1790854330.320197 260.466949
1790854330.420197 257.724045
1790854330.520197 254.980588
1790854330.620197 252.236583
1790854330.720197 249.492036
1790854330.820197 246.746952
1790854330.920197 244.001338
1790854331.020197 241.255200
1790854331.120197 238.508542
1790854331.220197 235.761372
1790854331.320197 233.013694
1790854331.420197 230.265515
1790854331.520197 227.516840
1790854331.620197 224.767676
1790854331.720197 222.018028
1790854331.820197 219.267901
1790854331.920197 216.517302
1790854332.020197 213.766237
1790854332.120197 211.014711
1790854332.220197 208.262730
1790854332.320197 205.510301
1790854332.420197 202.757428
1790854332.520197 200.004118
1790854332.620197 197.250377
1790854332.720197 194.496211
1790854332.820197 191.741625
1790854332.920197 188.986626
1790854333.020197 186.231218
1790854333.120197 183.475409
1790854333.220197 180.719204
1790854333.320197 177.962609
1790854333.420197 175.205630
1790854333.520197 172.448272
1790854333.620197 169.690542
1790854333.720197 166.932446
1790854333.820197 164.173989
1790854333.920197 161.415178
1790854334.020197 158.656018
1790854334.120197 155.896516
1790854334.220197 153.136677
1790854334.320197 150.376507
1790854334.420197 147.616012
1790854334.520197 144.855198
1790854334.620197 142.094072
1790854334.720197 139.332638
1790854334.820197 136.570903
1790854334.920197 133.808874
1790854335.020197 131.046555
1790854335.120197 128.283953
1790854335.220197 125.521074
1790854335.320197 122.757923
1790854335.420197 119.994508
1790854335.520197 117.230833
1790854335.620197 114.466905
1790854335.720197 111.702730
1790854335.820197 108.938314
1790854335.920197 106.173662
1790854336.020197 103.408781
1790854336.120197 100.643677
1790854336.220197 97.878356
1790854336.320197 95.112823
1790854336.420197 92.347085
1790854336.520197 89.581148
1790854336.620197 86.815018
1790854336.720197 84.048700
1790854336.820197 81.282201
1790854336.920197 78.515527
1790854337.020197 75.748684
1790854337.120197 72.981677
1790854337.220197 70.214514
1790854337.320197 67.447199
1790854337.420197 64.679739
1790854337.520197 61.912140
1790854337.620197 59.144408
1790854337.720197 56.376549
1790854337.820197 53.608569
1790854337.920197 50.840474
1790854338.020197 48.072271
1790854338.120197 45.303964
1790854338.220197 42.535560
1790854338.320197 39.767066
1790854338.420197 36.998487
1790854338.520197 34.229829
1790854338.620197 31.461098
1790854338.720197 28.692301
1790854338.820197 25.923443
1790854338.920197 23.154530
1790854339.020197 20.385569
1790854339.120197 17.616566
1790854339.220197 14.847526
1790854339.320197 12.078455
1790854339.420197 9.309360
1790854339.520197 6.540247
1790854339.620197 3.771122
1790854339.720197 1.001990
1790854339.820197 -1.767142
1790854339.920197 -4.536268
1790854340.020197 -7.305382
1790854340.120197 -10.074479
1790854340.220197 -12.843551
1790854340.320197 -15.612593
1790854340.420197 -18.381599
1790854340.520197 -21.150563
1790854340.620197 -23.919479
1790854340.720197 -26.688341
1790854340.820197 -29.457143
1790854340.920197 -32.225878
1790854341.020197 -34.994541
1790854341.120197 -37.763126
1790854341.220197 -40.531626
1790854341.320197 -43.300036
1790854341.420197 -46.068349
1790854341.520197 -48.836560
1790854341.620197 -51.604662
1790854341.720197 -54.372650
1790854341.820197 -57.140517
1790854341.920197 -59.908258
1790854342.020197 -62.675866
1790854342.120197 -65.443335
1790854342.220197 -68.210660
1790854342.320197 -70.977833
1790854342.420197 -73.744850
1790854342.520197 -76.511705
1790854342.620197 -79.278390
1790854342.720197 -82.044901
1790854342.820197 -84.811231
1790854342.920197 -87.577374
1790854343.020197 -90.343324
1790854343.120197 -93.109075
1790854343.220197 -95.874622
1790854343.320197 -98.639957
1790854343.420197 -101.405076
1790854343.520197 -104.169972
1790854343.620197 -106.934639
1790854343.720197 -109.699071
1790854343.820197 -112.463262
1790854343.920197 -115.227207
1790854344.020197 -117.990898
1790854344.120197 -120.754331
1790854344.220197 -123.517499
1790854344.320197 -126.280396
1790854344.420197 -129.043016
1790854344.520197 -131.805354
1790854344.620197 -134.567403
1790854344.720197 -137.329157
1790854344.820197 -140.090611
1790854344.920197 -142.851758
1790854345.020197 -145.612592
1790854345.120197 -148.373108
1790854345.220197 -151.133300
1790854345.320197 -153.893161
1790854345.420197 -156.652686
1790854345.520197 -159.411868
1790854345.620197 -162.170702
1790854345.720197 -164.929182
1790854345.820197 -167.687302
1790854345.920197 -170.445056
1790854346.020197 -173.202438
1790854346.120197 -175.959442
1790854346.220197 -178.716062
1790854346.320197 -181.472293
1790854346.420197 -184.228128
1790854346.520197 -186.983561
1790854346.620197 -189.738588
1790854346.720197 -192.493201
1790854346.820197 -195.247394
1790854346.920197 -198.001163
1790854347.020197 -200.754501
1790854347.120197 -203.507402
1790854347.220197 -206.259860
1790854347.320197 -209.011870
1790854347.420197 -211.763425
1790854347.520197 -214.514520
1790854347.620197 -217.265149
1790854347.720197 -220.015306
1790854347.820197 -222.764986
1790854347.920197 -225.514181
1790854348.020197 -228.262888
1790854348.120197 -231.011099
1790854348.220197 -233.758809
1790854348.320197 -236.506011
1790854348.420197 -239.252702
1790854348.520197 -241.998874
1790854348.620197 -244.744521
1790854348.720197 -247.489638
1790854348.820197 -250.234220
1790854348.920197 -252.978259
1790854349.020197 -255.721752
1790854349.120197 -258.464691
1790854349.220197 -261.207071
1790854349.320197 -263.948886
1790854349.420197 -266.690131
1790854349.520197 -269.430800
1790854349.620197 -272.170887
1790854349.720197 -274.910386
1790854349.820197 -277.649291
1790854349.920197 -280.387598
1790854350.020197 -283.125299
1790854350.120197 -285.862390
1790854350.220197 -288.598865
1790854350.320197 -291.334718
1790854350.420197 -294.069943
1790854350.520197 -296.804535
1790854350.620197 -299.538487
1790854350.720197 -302.271795
1790854350.820197 -305.004453
1790854350.920197 -307.736455
1790854351.020197 -310.467795
1790854351.120197 -313.198468
1790854351.220197 -315.928468
1790854351.320197 -318.657789
1790854351.420197 -321.386426
1790854351.520197 -324.114374
1790854351.620197 -326.841626
1790854351.720197 -329.568177
1790854351.820197 -332.294021
1790854351.920197 -335.019154
1790854352.020197 -337.743568
1790854352.120197 -340.467260
1790854352.220197 -343.190222
1790854352.320197 -345.912450
1790854352.420197 -348.633938
1790854352.520197 -351.354681
1790854352.620197 -354.074672
1790854352.720197 -356.793908
1790854352.820197 -359.512381
1790854352.920197 -362.230086
1790854353.020197 -364.947018
1790854353.120197 -367.663172
1790854353.220197 -370.378542
1790854353.320197 -373.093123
1790854353.420197 -375.806908
1790854353.520197 -378.519893
1790854353.620197 -381.232072
1790854353.720197 -383.943440
1790854353.820197 -386.653991
1790854353.920197 -389.363720
1790854354.020197 -392.072621
1790854354.120197 -394.780689
1790854354.220197 -397.487919
1790854354.320197 -400.194305
1790854354.420197 -402.899842
1790854354.520197 -405.604525
1790854354.620197 -408.308347
1790854354.720197 -411.011304
1790854354.820197 -413.713391
1790854354.920197 -416.414602
1790854355.020197 -419.114931
1790854355.120197 -421.814374
1790854355.220197 -424.512926
1790854355.320197 -427.210579
1790854355.420197 -429.907331
1790854355.520197 -432.603175
1790854355.620197 -435.298105
1790854355.720197 -437.992118
1790854355.820197 -440.685206
1790854355.920197 -443.377366
1790854356.020197 -446.068592
1790854356.120197 -448.758879
1790854356.220197 -451.448221
1790854356.320197 -454.136614
1790854356.420197 -456.824052
1790854356.520197 -459.510529
1790854356.620197 -462.196042
1790854356.720197 -464.880584
1790854356.820197 -467.564151
1790854356.920197 -470.246736
1790854357.020197 -472.928336
1790854357.120197 -475.608945
1790854357.220197 -478.288558
1790854357.320197 -480.967170
1790854357.420197 -483.644776
1790854357.520197 -486.321370
1790854357.620197 -488.996947
1790854357.720197 -491.671503
1790854357.820197 -494.345033
1790854357.920197 -497.017531
1790854358.020197 -499.688992
1790854358.120197 -502.359412
1790854358.220197 -505.028785
1790854358.320197 -507.697106
1790854358.420197 -510.364370
1790854358.520197 -513.030573
1790854358.620197 -515.695709
1790854358.720197 -518.359774
1790854358.820197 -521.022762
1790854358.920197 -523.684668
1790854359.020197 -526.345488
1790854359.120197 -529.005217
1790854359.220197 -531.663849
1790854359.320197 -534.321380
1790854359.420197 -536.977805
1790854359.520197 -539.633120
1790854359.620197 -542.287318
1790854359.720197 -544.940396
1790854359.820197 -547.592348
1790854359.920197 -550.243170
1790854360.020197 -552.892857
1790854360.120197 -555.541404
1790854360.220197 -558.188806
1790854360.320197 -560.835058
1790854360.420197 -563.480156
1790854360.520197 -566.124096
1790854360.620197 -568.766871
1790854360.720197 -571.408478
1790854360.820197 -574.048911
1790854360.920197 -576.688167
1790854361.020197 -579.326239
1790854361.120197 -581.963125
1790854361.220197 -584.598818
1790854361.320197 -587.233314
1790854361.420197 -589.866609
1790854361.520197 -592.498698
1790854361.620197 -595.129576
1790854361.720197 -597.759239
1790854361.820197 -600.387681
1790854361.920197 -603.014900
1790854362.020197 -605.640889
1790854362.120197 -608.265644
1790854362.220197 -610.889161
1790854362.320197 -613.511435
1790854362.420197 -616.132462
1790854362.520197 -618.752236
1790854362.620197 -621.370755
1790854362.720197 -623.988012
1790854362.820197 -626.604004
1790854362.920197 -629.218726
1790854363.020197 -631.832173
1790854363.120197 -634.444342
1790854363.220197 -637.055227
1790854363.320197 -639.664824
1790854363.420197 -642.273130
1790854363.520197 -644.880138
1790854363.620197 -647.485846
1790854363.720197 -650.090249
1790854363.820197 -652.693341
1790854363.920197 -655.295120
1790854364.020197 -657.895580
1790854364.120197 -660.494717
1790854364.220197 -663.092527
1790854364.320197 -665.689006
1790854364.420197 -668.284149
1790854364.520197 -670.877952
1790854364.620197 -673.470410
1790854364.720197 -676.061521
1790854364.820197 -678.651278
1790854364.920197 -681.239678
1790854365.020197 -683.826717
1790854365.120197 -686.412391
1790854365.220197 -688.996695
1790854365.320197 -691.579625
1790854365.420197 -694.161177
1790854365.520197 -696.741347
1790854365.620197 -699.320131
1790854365.720197 -701.897524
1790854365.820197 -704.473522
1790854365.920197 -707.048122
1790854366.020197 -709.621319
1790854366.120197 -712.193110
1790854366.220197 -714.763489
1790854366.320197 -717.332453
1790854366.420197 -719.899999
1790854366.520197 -722.466121
1790854366.620197 -725.030816
1790854366.720197 -727.594080
1790854366.820197 -730.155909
1790854366.920197 -732.716299
1790854367.020197 -735.275246
1790854367.120197 -737.832746
1790854367.220197 -740.388795
1790854367.320197 -742.943389
1790854367.420197 -745.496525
1790854367.520197 -748.048197
1790854367.620197 -750.598404
1790854367.720197 -753.147140
1790854367.820197 -755.694401
1790854367.920197 -758.240185
1790854368.020197 -760.784486
1790854368.120197 -763.327302
1790854368.220197 -765.868628
1790854368.320197 -768.408461
1790854368.420197 -770.946797
1790854368.520197 -773.483632
1790854368.620197 -776.018962
1790854368.720197 -778.552784
1790854368.820197 -781.085093
1790854368.920197 -783.615887
1790854369.020197 -786.145161
1790854369.120197 -788.672912
1790854369.220197 -791.199136
1790854369.320197 -793.723830
1790854369.420197 -796.246989
1790854369.520197 -798.768611
1790854369.620197 -801.288691
1790854369.720197 -803.807226
1790854369.820197 -806.324212
1790854369.920197 -808.839646
1790854370.020197 -811.353524
1790854370.120197 -813.865843
1790854370.220197 -816.376599
1790854370.320197 -818.885789
1790854370.420197 -821.393408
1790854370.520197 -823.899454
1790854370.620197 -826.403924
1790854370.720197 -828.906813
1790854370.820197 -831.408118
1790854370.920197 -833.907836
1790854371.020197 -836.405963
1790854371.120197 -838.902496
1790854371.220197 -841.397431
1790854371.320197 -843.890766
1790854371.420197 -846.382496
1790854371.520197 -848.872619
1790854371.620197 -851.361130
1790854371.720197 -853.848028
1790854371.820197 -856.333307
1790854371.920197 -858.816966
1790854372.020197 -861.299000
1790854372.120197 -863.779407
1790854372.220197 -866.258184
1790854372.320197 -868.735326
1790854372.420197 -871.210830
1790854372.520197 -873.684695
1790854372.620197 -876.156915
1790854372.720197 -878.627489
1790854372.820197 -881.096413
1790854372.920197 -883.563683
1790854373.020197 -886.029297
1790854373.120197 -888.493252
1790854373.220197 -890.955543
1790854373.320197 -893.416169
1790854373.420197 -895.875126
1790854373.520197 -898.332411
1790854373.620197 -900.788021
1790854373.720197 -903.241953
1790854373.820197 -905.694204
1790854373.920197 -908.144771
1790854374.020197 -910.593650
1790854374.120197 -913.040839
1790854374.220197 -915.486335
1790854374.320197 -917.930135
1790854374.420197 -920.372236
1790854374.520197 -922.812635
1790854374.620197 -925.251328
1790854374.720197 -927.688314
1790854374.820197 -930.123589
1790854374.920197 -932.557150
1790854375.020197 -934.988994
1790854375.120197 -937.419119
1790854375.220197 -939.847522
1790854375.320197 -942.274200
1790854375.420197 -944.699149
1790854375.520197 -947.122368
1790854375.620197 -949.543853
1790854375.720197 -951.963602
1790854375.820197 -954.381612
1790854375.920197 -956.797880
1790854376.020197 -959.212403
1790854376.120197 -961.625178
1790854376.220197 -964.036204
1790854376.320197 -966.445477
1790854376.420197 -968.852995
1790854376.520197 -971.258754
1790854376.620197 -973.662753
1790854376.720197 -976.064988
1790854376.820197 -978.465457
1790854376.920197 -980.864157
1790854377.020197 -983.261086
1790854377.120197 -985.656242
1790854377.220197 -988.049620
1790854377.320197 -990.441220
1790854377.420197 -992.831038
1790854377.520197 -995.219072
1790854377.620197 -997.605320
1790854377.720197 -999.989778
1790854377.820197 -1002.372445
1790854377.920197 -1004.753318
1790854378.020197 -1007.132394
1790854378.120197 -1009.509671
1790854378.220197 -1011.885147
1790854378.320197 -1014.258819
1790854378.420197 -1016.630684
1790854378.520197 -1019.000741
1790854378.620197 -1021.368987
1790854378.720197 -1023.735419
1790854378.820197 -1026.100036
1790854378.920197 -1028.462835
1790854379.020197 -1030.823813
1790854379.120197 -1033.182968
1790854379.220197 -1035.540298
1790854379.320197 -1037.895801
1790854379.420197 -1040.249474
1790854379.520197 -1042.601315
1790854379.620197 -1044.951323
1790854379.720197 -1047.299493
1790854379.820197 -1049.645826
1790854379.920197 -1051.990317
1790854380.020197 -1054.332965
1790854380.120197 -1056.673769
1790854380.220197 -1059.012724
1790854380.320197 -1061.349831
1790854380.420197 -1063.685086
1790854380.520197 -1066.018487
1790854380.620197 -1068.350032
1790854380.720197 -1070.679719
1790854380.820197 -1073.007546
1790854380.920197 -1075.333511
1790854381.020197 -1077.657612
1790854381.120197 -1079.979846
1790854381.220197 -1082.300213
1790854381.320197 -1084.618709
1790854381.420197 -1086.935332
1790854381.520197 -1089.250082
1790854381.620197 -1091.562955
1790854381.720197 -1093.873950
1790854381.820197 -1096.183065
1790854381.920197 -1098.490298
1790854382.020197 -1100.795646
1790854382.120197 -1103.099109
1790854382.220197 -1105.400684
1790854382.320197 -1107.700369
1790854382.420197 -1109.998163
1790854382.520197 -1112.294063
1790854382.620197 -1114.588068
1790854382.720197 -1116.880176
1790854382.820197 -1119.170385
1790854382.920197 -1121.458693
1790854383.020197 -1123.745098
1790854383.120197 -1126.029599
1790854383.220197 -1128.312195
1790854383.320197 -1130.592882
1790854383.420197 -1132.871660
1790854383.520197 -1135.148526
1790854383.620197 -1137.423479
1790854383.720197 -1139.696518
1790854383.820197 -1141.967640
1790854383.920197 -1144.236844
1790854384.020197 -1146.504129
1790854384.120197 -1148.769492
1790854384.220197 -1151.032931
1790854384.320197 -1153.294447
1790854384.420197 -1155.554036
1790854384.520197 -1157.811697
1790854384.620197 -1160.067429
1790854384.720197 -1162.321229
1790854384.820197 -1164.573097
1790854384.920197 -1166.823031
1790854385.020197 -1169.071030
1790854385.120197 -1171.317091
1790854385.220197 -1173.561213
1790854385.320197 -1175.803396
1790854385.420197 -1178.043636
1790854385.520197 -1180.281934
1790854385.620197 -1182.518287
1790854385.720197 -1184.752694
1790854385.820197 -1186.985153
1790854385.920197 -1189.215664
1790854386.020197 -1191.444224
1790854386.120197 -1193.670833
1790854386.220197 -1195.895488
1790854386.320197 -1198.118189
1790854386.420197 -1200.338935
1790854386.520197 -1202.557723
1790854386.620197 -1204.774553
1790854386.720197 -1206.989423
1790854386.820197 -1209.202332
1790854386.920197 -1211.413278
1790854387.020197 -1213.622261
1790854387.120197 -1215.829279
1790854387.220197 -1218.034331
1790854387.320197 -1220.237416
1790854387.420197 -1222.438531
1790854387.520197 -1224.637677
1790854387.620197 -1226.834852
1790854387.720197 -1229.030055
1790854387.820197 -1231.223284
1790854387.920197 -1233.414538
1790854388.020197 -1235.603817
1790854388.120197 -1237.791119
1790854388.220197 -1239.976443
1790854388.320197 -1242.159787
1790854388.420197 -1244.341152
1790854388.520197 -1246.520534
1790854388.620197 -1248.697935
1790854388.720197 -1250.873352
1790854388.820197 -1253.046784
1790854388.920197 -1255.218231
1790854389.020197 -1257.387691
1790854389.120197 -1259.555163
1790854389.220197 -1261.720647
1790854389.320197 -1263.884140
1790854389.420197 -1266.045644
1790854389.520197 -1268.205155
1790854389.620197 -1270.362674
1790854389.720197 -1272.518199
1790854389.820197 -1274.671730
1790854389.920197 -1276.823265
1790854390.020197 -1278.972804
1790854390.120197 -1281.120345
1790854390.220197 -1283.265888
1790854390.320197 -1285.409433
1790854390.420197 -1287.550977
1790854390.520197 -1289.690520
1790854390.620197 -1291.828062
1790854390.720197 -1293.963601
1790854390.820197 -1296.097137
1790854390.920197 -1298.228669
1790854391.020197 -1300.358196
1790854391.120197 -1302.485717
1790854391.220197 -1304.611232
1790854391.320197 -1306.734739
1790854391.420197 -1308.856238
1790854391.520197 -1310.975729
1790854391.620197 -1313.093210
1790854391.720197 -1315.208681
1790854391.820197 -1317.322141
1790854391.920197 -1319.433589
1790854392.020197 -1321.543025
1790854392.120197 -1323.650448
1790854392.220197 -1325.755857
1790854392.320197 -1327.859252
1790854392.420197 -1329.960632
1790854392.520197 -1332.059996
1790854392.620197 -1334.157345
1790854392.720197 -1336.252676
1790854392.820197 -1338.345990
1790854392.920197 -1340.437286
1790854393.020197 -1342.526563
1790854393.120197 -1344.613821
1790854393.220197 -1346.699059
1790854393.320197 -1348.782277
1790854393.420197 -1350.863475
1790854393.520197 -1352.942651
1790854393.620197 -1355.019805
1790854393.720197 -1357.094937
1790854393.820197 -1359.168046
1790854393.920197 -1361.239131
1790854394.020197 -1363.308193
1790854394.120197 -1365.375231
1790854394.220197 -1367.440244
1790854394.320197 -1369.503232
1790854394.420197 -1371.564194
1790854394.520197 -1373.623131
1790854394.620197 -1375.680041
1790854394.720197 -1377.734924
1790854394.820197 -1379.787780
1790854394.920197 -1381.838609
1790854395.020197 -1383.887409
1790854395.120197 -1385.934182
1790854395.220197 -1387.978926
1790854395.320197 -1390.021641
1790854395.420197 -1392.062327
1790854395.520197 -1394.100983
1790854395.620197 -1396.137610
1790854395.720197 -1398.172206
1790854395.820197 -1400.204772
1790854395.920197 -1402.235307
1790854396.020197 -1404.263811
1790854396.120197 -1406.290284
1790854396.220197 -1408.314726
1790854396.320197 -1410.337136
1790854396.420197 -1412.357514
1790854396.520197 -1414.375860
1790854396.620197 -1416.392174
1790854396.720197 -1418.406455
1790854396.820197 -1420.418704
1790854396.920197 -1422.428920
1790854397.020197 -1424.437103
1790854397.120197 -1426.443252
1790854397.220197 -1428.447369
1790854397.320197 -1430.449452
1790854397.420197 -1432.449501
1790854397.520197 -1434.447517
1790854397.620197 -1436.443499
1790854397.720197 -1438.437448
1790854397.820197 -1440.429362
1790854397.920197 -1442.419242
1790854398.020197 -1444.407089
1790854398.120197 -1446.392901
1790854398.220197 -1448.376679
1790854398.320197 -1450.358423
1790854398.420197 -1452.338133
1790854398.520197 -1454.315808
1790854398.620197 -1456.291449
1790854398.720197 -1458.265056
1790854398.820197 -1460.236629
1790854398.920197 -1462.206168
1790854399.020197 -1464.173672
1790854399.120197 -1466.139143
1790854399.220197 -1468.102579
1790854399.320197 -1470.063981
1790854399.420197 -1472.023350
1790854399.520197 -1473.980684
1790854399.620197 -1475.935985
1790854399.720197 -1477.889252
1790854399.820197 -1479.840486
1790854399.920197 -1481.789686
1790854400.020197 -1483.736853
1790854400.120197 -1485.681986
1790854400.220197 -1487.625087
1790854400.320197 -1489.566154
1790854400.420197 -1491.505189
1790854400.520197 -1493.442192
1790854400.620197 -1495.377161
1790854400.720197 -1497.310099
1790854400.820197 -1499.241005
1790854400.920197 -1501.169879
1790854401.020197 -1503.096721
1790854401.120197 -1505.021532
1790854401.220197 -1506.944311
1790854401.320197 -1508.865060
1790854401.420197 -1510.783778
1790854401.520197 -1512.700466
1790854401.620197 -1514.615124
1790854401.720197 -1516.527751
1790854401.820197 -1518.438350
1790854401.920197 -1520.346918
1790854402.020197 -1522.253458
1790854402.120197 -1524.157969
1790854402.220197 -1526.060452
1790854402.320197 -1527.960907
1790854402.420197 -1529.859334
1790854402.520197 -1531.755733
1790854402.620197 -1533.650106
1790854402.720197 -1535.542451
1790854402.820197 -1537.432771
1790854402.920197 -1539.321064
1790854403.020197 -1541.207332
1790854403.120197 -1543.091575
1790854403.220197 -1544.973793
1790854403.320197 -1546.853987
1790854403.420197 -1548.732156
1790854403.520197 -1550.608302
1790854403.620197 -1552.482425
1790854403.720197 -1554.354526
1790854403.820197 -1556.224604
1790854403.920197 -1558.092660
1790854404.020197 -1559.958695
1790854404.120197 -1561.822709
1790854404.220197 -1563.684703
1790854404.320197 -1565.544677
1790854404.420197 -1567.402631
1790854404.520197 -1569.258567
1790854404.620197 -1571.112484
1790854404.720197 -1572.964383
1790854404.820197 -1574.814265
1790854404.920197 -1576.662130
1790854405.020197 -1578.507979
1790854405.120197 -1580.351812
1790854405.220197 -1582.193630
1790854405.320197 -1584.033433
1790854405.420197 -1585.871222
1790854405.520197 -1587.706998
1790854405.620197 -1589.540761
1790854405.720197 -1591.372511
1790854405.820197 -1593.202250
1790854405.920197 -1595.029977
1790854406.020197 -1596.855694
1790854406.120197 -1598.679402
1790854406.220197 -1600.501100
1790854406.320197 -1602.320789
1790854406.420197 -1604.138470
1790854406.520197 -1605.954144
1790854406.620197 -1607.767812
1790854406.720197 -1609.579473
1790854406.820197 -1611.389129
1790854406.920197 -1613.196780
1790854407.020197 -1615.002427
1790854407.120197 -1616.806071
1790854407.220197 -1618.607713
1790854407.320197 -1620.407352
1790854407.420197 -1622.204991
1790854407.520197 -1624.000628
1790854407.620197 -1625.794266
1790854407.720197 -1627.585905
1790854407.820197 -1629.375546
1790854407.920197 -1631.163189
1790854408.020197 -1632.948836
1790854408.120197 -1634.732486
1790854408.220197 -1636.514141
1790854408.320197 -1638.293802
1790854408.420197 -1640.071469
1790854408.520197 -1641.847143
1790854408.620197 -1643.620825
1790854408.720197 -1645.392515
1790854408.820197 -1647.162215
1790854408.920197 -1648.929925
1790854409.020197 -1650.695647
1790854409.120197 -1652.459380
1790854409.220197 -1654.221126
1790854409.320197 -1655.980885
1790854409.420197 -1657.738659
1790854409.520197 -1659.494449
1790854409.620197 -1661.248254
1790854409.720197 -1663.000076
1790854409.820197 -1664.749916
1790854409.920197 -1666.497775
1790854410.020197 -1668.243654
1790854410.120197 -1669.987553
1790854410.220197 -1671.729473
1790854410.320197 -1673.469416
1790854410.420197 -1675.207382
1790854410.520197 -1676.943372
1790854410.620197 -1678.677387
1790854410.720197 -1680.409427
1790854410.820197 -1682.139495
1790854410.920197 -1683.867591
1790854411.020197 -1685.593715
1790854411.120197 -1687.317869
1790854411.220197 -1689.040053
1790854411.320197 -1690.760269
1790854411.420197 -1692.478518
1790854411.520197 -1694.194800
1790854411.620197 -1695.909117
1790854411.720197 -1697.621469
1790854411.820197 -1699.331857
1790854411.920197 -1701.040283
1790854412.020197 -1702.746748
1790854412.120197 -1704.451251
1790854412.220197 -1706.153796
1790854412.320197 -1707.854381
1790854412.420197 -1709.553010
1790854412.520197 -1711.249681
1790854412.620197 -1712.944398
1790854412.720197 -1714.637160
1790854412.820197 -1716.327968
1790854412.920197 -1718.016824
1790854413.020197 -1719.703729
1790854413.120197 -1721.388683
1790854413.220197 -1723.071689
1790854413.320197 -1724.752746
1790854413.420197 -1726.431856
1790854413.520197 -1728.109020
1790854413.620197 -1729.784240
1790854413.720197 -1731.457515
1790854413.820197 -1733.128848
1790854413.920197 -1734.798239
1790854414.020197 -1736.465690
1790854414.120197 -1738.131202
1790854414.220197 -1739.794775
1790854414.320197 -1741.456411
1790854414.420197 -1743.116111
1790854414.520197 -1744.773875
1790854414.620197 -1746.429707
1790854414.720197 -1748.083605
1790854414.820197 -1749.735572
1790854414.920197 -1751.385609
1790854415.020197 -1753.033716
1790854415.120197 -1754.679896
1790854415.220197 -1756.324149
1790854415.320197 -1757.966475
1790854415.420197 -1759.606878
1790854415.520197 -1761.245357
1790854415.620197 -1762.881913
1790854415.720197 -1764.516549
1790854415.820197 -1766.149265
1790854415.920197 -1767.780062
1790854416.020197 -1769.408942
1790854416.120197 -1771.035906
1790854416.220197 -1772.660955
1790854416.320197 -1774.284089
1790854416.420197 -1775.905312
1790854416.520197 -1777.524623
1790854416.620197 -1779.142023
1790854416.720197 -1780.757515
1790854416.820197 -1782.371100
1790854416.920197 -1783.982777
1790854417.020197 -1785.592550
1790854417.120197 -1787.200419
1790854417.220197 -1788.806384
1790854417.320197 -1790.410449
1790854417.420197 -1792.012613
1790854417.520197 -1793.612879
1790854417.620197 -1795.211246
1790854417.720197 -1796.807718
1790854417.820197 -1798.402294
1790854417.920197 -1799.994977
1790854418.020197 -1801.585767
1790854418.120197 -1803.174665
1790854418.220197 -1804.761674
1790854418.320197 -1806.346794
1790854418.420197 -1807.930027
1790854418.520197 -1809.511374
1790854418.620197 -1811.090836
1790854418.720197 -1812.668414
1790854418.820197 -1814.244111
1790854418.920197 -1815.817926
1790854419.020197 -1817.389862
1790854419.120197 -1818.959920
1790854419.220197 -1820.528102
1790854419.320197 -1822.094407
1790854419.420197 -1823.658839
1790854419.520197 -1825.221398
1790854419.620197 -1826.782085
1790854419.720197 -1828.340903
1790854419.820197 -1829.897851
1790854419.920197 -1831.452932
1790854420.020197 -1833.006147
1790854420.120197 -1834.557498
1790854420.220197 -1836.106985
1790854420.320197 -1837.654610
1790854420.420197 -1839.200375
1790854420.520197 -1840.744280
1790854420.620197 -1842.286328
1790854420.720197 -1843.826520
1790854420.820197 -1845.364856
1790854420.920197 -1846.901339
1790854421.020197 -1848.435969
1790854421.120197 -1849.968749
1790854421.220197 -1851.499679
1790854421.320197 -1853.028761
1790854421.420197 -1854.555997
1790854421.520197 -1856.081387
1790854421.620197 -1857.604934
1790854421.720197 -1859.126638
1790854421.820197 -1860.646502
1790854421.920197 -1862.164525
1790854422.020197 -1863.680711
1790854422.120197 -1865.195060
1790854422.220197 -1866.707574
1790854422.320197 -1868.218254
1790854422.420197 -1869.727102
1790854422.520197 -1871.234119
1790854422.620197 -1872.739306
1790854422.720197 -1874.242665
1790854422.820197 -1875.744198
1790854422.920197 -1877.243906
1790854423.020197 -1878.741790
1790854423.120197 -1880.237852
1790854423.220197 -1881.732093
1790854423.320197 -1883.224515
1790854423.420197 -1884.715119
1790854423.520197 -1886.203907
1790854423.620197 -1887.690879
1790854423.720197 -1889.176039
1790854423.820197 -1890.659387
1790854423.920197 -1892.140924
1790854424.020197 -1893.620653
1790854424.120197 -1895.098574
1790854424.220197 -1896.574689
1790854424.320197 -1898.048999
1790854424.420197 -1899.521507
1790854424.520197 -1900.992213
1790854424.620197 -1902.461120
1790854424.720197 -1903.928228
1790854424.820197 -1905.393539
1790854424.920197 -1906.857054
1790854425.020197 -1908.318776
1790854425.120197 -1909.778706
1790854425.220197 -1911.236844
1790854425.320197 -1912.693193
1790854425.420197 -1914.147754
1790854425.520197 -1915.600529
1790854425.620197 -1917.051520
1790854425.720197 -1918.500727
1790854425.820197 -1919.948152
1790854425.920197 -1921.393797
1790854426.020197 -1922.837664
1790854426.120197 -1924.279753
1790854426.220197 -1925.720067
1790854426.320197 -1927.158607
1790854426.420197 -1928.595374
1790854426.520197 -1930.030371
1790854426.620197 -1931.463598
1790854426.720197 -1932.895057
1790854426.820197 -1934.324750
1790854426.920197 -1935.752678
1790854427.020197 -1937.178843
1790854427.120197 -1938.603247
1790854427.220197 -1940.025890
1790854427.320197 -1941.446775
1790854427.420197 -1942.865903
1790854427.520197 -1944.283276
1790854427.620197 -1945.698895
1790854427.720197 -1947.112762
1790854427.820197 -1948.524879
1790854427.920197 -1949.935246
1790854428.020197 -1951.343866
1790854428.120197 -1952.750740
1790854428.220197 -1954.155869
1790854428.320197 -1955.559256
1790854428.420197 -1956.960902
1790854428.520197 -1958.360808
1790854428.620197 -1959.758977
1790854428.720197 -1961.155409
1790854428.820197 -1962.550106
1790854428.920197 -1963.943070
1790854429.020197 -1965.334303
1790854429.120197 -1966.723806
1790854429.220197 -1968.111580
1790854429.320197 -1969.497627
1790854429.420197 -1970.881950
1790854429.520197 -1972.264549
1790854429.620197 -1973.645426
1790854429.720197 -1975.024582
1790854429.820197 -1976.402020
1790854429.920197 -1977.777741
1790854430.020197 -1979.151746
1790854430.120197 -1980.524037
1790854430.220197 -1981.894617
1790854430.320197 -1983.263485
1790854430.420197 -1984.630645
1790854430.520197 -1985.996097
1790854430.620197 -1987.359843
1790854430.720197 -1988.721885
1790854430.820197 -1990.082225
1790854430.920197 -1991.440864
1790854431.020197 -1992.797803
1790854431.120197 -1994.153045
1790854431.220197 -1995.506591
1790854431.320197 -1996.858443
1790854431.420197 -1998.208602
1790854431.520197 -1999.557069
1790854431.620197 -2000.903848
1790854431.720197 -2002.248938
1790854431.820197 -2003.592342
1790854431.920197 -2004.934062
1790854432.020197 -2006.274099
1790854432.120197 -2007.612455
1790854432.220197 -2008.949131
1790854432.320197 -2010.284129
1790854432.420197 -2011.617450
1790854432.520197 -2012.949097
1790854432.620197 -2014.279071
1790854432.720197 -2015.607374
1790854432.820197 -2016.934007
1790854432.920197 -2018.258972
1790854433.020197 -2019.582271
1790854433.120197 -2020.903904
1790854433.220197 -2022.223875
1790854433.320197 -2023.542184
1790854433.420197 -2024.858834
1790854433.520197 -2026.173825
1790854433.620197 -2027.487160
1790854433.720197 -2028.798841
1790854433.820197 -2030.108868
1790854433.920197 -2031.417243
1790854434.020197 -2032.723969
1790854434.120197 -2034.029047
1790854434.220197 -2035.332478
1790854434.320197 -2036.634264
1790854434.420197 -2037.934408
1790854434.520197 -2039.232909
1790854434.620197 -2040.529772
1790854434.720197 -2041.824995
1790854434.820197 -2043.118583
1790854434.920197 -2044.410536
1790854435.020197 -2045.700855
1790854435.120197 -2046.989543
1790854435.220197 -2048.276602
1790854435.320197 -2049.562032
1790854435.420197 -2050.845836
1790854435.520197 -2052.128016
1790854435.620197 -2053.408572
1790854435.720197 -2054.687507
1790854435.820197 -2055.964822
1790854435.920197 -2057.240519
1790854436.020197 -2058.514600
1790854436.120197 -2059.787066
1790854436.220197 -2061.057919
1790854436.320197 -2062.327161
1790854436.420197 -2063.594794
1790854436.520197 -2064.860818
1790854436.620197 -2066.125237
1790854436.720197 -2067.388051
1790854436.820197 -2068.649262
1790854436.920197 -2069.908871
1790854437.020197 -2071.166882
1790854437.120197 -2072.423294
1790854437.220197 -2073.678111
1790854437.320197 -2074.931333
1790854437.420197 -2076.182962
1790854437.520197 -2077.433000
1790854437.620197 -2078.681449
1790854437.720197 -2079.928310
1790854437.820197 -2081.173586
1790854437.920197 -2082.417277
1790854438.020197 -2083.659385
1790854438.120197 -2084.899913
1790854438.220197 -2086.138862
1790854438.320197 -2087.376232
1790854438.420197 -2088.612028
1790854438.520197 -2089.846249
1790854438.620197 -2091.078897
1790854438.720197 -2092.309975
1790854438.820197 -2093.539484
1790854438.920197 -2094.767426
1790854439.020197 -2095.993802
1790854439.120197 -2097.218614
1790854439.220197 -2098.441864
1790854439.320197 -2099.663553
1790854439.420197 -2100.883683
1790854439.520197 -2102.102256
1790854439.620197 -2103.319274
1790854439.720197 -2104.534738
1790854439.820197 -2105.748650
1790854439.920197 -2106.961012
1790854440.020197 -2108.171825
1790854440.120197 -2109.381091
1790854440.220197 -2110.588812
1790854440.320197 -2111.794989
1790854440.420197 -2112.999624
1790854440.520197 -2114.202719
1790854440.620197 -2115.404276
1790854440.720197 -2116.604296
1790854440.820197 -2117.802781
1790854440.920197 -2118.999732
1790854441.020197 -2120.195152
1790854441.120197 -2121.389042
1790854441.220197 -2122.581404
1790854441.320197 -2123.772239
1790854441.420197 -2124.961549
1790854441.520197 -2126.149336
1790854441.620197 -2127.335601
1790854441.720197 -2128.520347
1790854441.820197 -2129.703575
1790854441.920197 -2130.885286
1790854442.020197 -2132.065483
1790854442.120197 -2133.244166
1790854442.220197 -2134.421339
1790854442.320197 -2135.597001
1790854442.420197 -2136.771156
1790854442.520197 -2137.943805
1790854442.620197 -2139.114949
1790854442.720197 -2140.284591
1790854442.820197 -2141.452731
1790854442.920197 -2142.619372
1790854443.020197 -2143.784515
1790854443.120197 -2144.948162
1790854443.220197 -2146.110315
1790854443.320197 -2147.270976
1790854443.420197 -2148.430145
1790854443.520197 -2149.587826
1790854443.620197 -2150.744018
1790854443.720197 -2151.898726
1790854443.820197 -2153.051948
1790854443.920197 -2154.203689
1790854444.020197 -2155.353949
1790854444.120197 -2156.502730
1790854444.220197 -2157.650033
1790854444.320197 -2158.795861
1790854444.420197 -2159.940215
1790854444.520197 -2161.083096
1790854444.620197 -2162.224508
1790854444.720197 -2163.364450
1790854444.820197 -2164.502925
1790854444.920197 -2165.639935
1790854445.020197 -2166.775481
1790854445.120197 -2167.909565
1790854445.220197 -2169.042188
1790854445.320197 -2170.173353
1790854445.420197 -2171.303061
1790854445.520197 -2172.431313
1790854445.620197 -2173.558112
1790854445.720197 -2174.683459
1790854445.820197 -2175.807356
1790854445.920197 -2176.929805
1790854446.020197 -2178.050806
1790854446.120197 -2179.170362
1790854446.220197 -2180.288475
1790854446.320197 -2181.405146
1790854446.420197 -2182.520377
1790854446.520197 -2183.634170
1790854446.620197 -2184.746526
1790854446.720197 -2185.857447
1790854446.820197 -2186.966934
1790854446.920197 -2188.074990
1790854447.020197 -2189.181616
1790854447.120197 -2190.286814
1790854447.220197 -2191.390585
1790854447.320197 -2192.492931
1790854447.420197 -2193.593854
1790854447.520197 -2194.693355
1790854447.620197 -2195.791437
1790854447.720197 -2196.888100
1790854447.820197 -2197.983347
1790854447.920197 -2199.077179
1790854448.020197 -2200.169598
1790854448.120197 -2201.260605
1790854448.220197 -2202.350203
1790854448.320197 -2203.438392
1790854448.420197 -2204.525175
1790854448.520197 -2205.610554
1790854448.620197 -2206.694529
1790854448.720197 -2207.777103
1790854448.820197 -2208.858277
1790854448.920197 -2209.938053
1790854449.020197 -2211.016433
1790854449.120197 -2212.093418
1790854449.220197 -2213.169010
1790854449.320197 -2214.243211
1790854449.420197 -2215.316022
1790854449.520197 -2216.387445
1790854449.620197 -2217.457482
1790854449.720197 -2218.526134
1790854449.820197 -2219.593403
1790854449.920197 -2220.659290
1790854450.020197 -2221.723798
1790854450.120197 -2222.786928
1790854450.220197 -2223.848682
1790854450.320197 -2224.909061
1790854450.420197 -2225.968067
1790854450.520197 -2227.025702
1790854450.620197 -2228.081967
1790854450.720197 -2229.136864
1790854450.820197 -2230.190394
1790854450.920197 -2231.242560
1790854451.020197 -2232.293363
1790854451.120197 -2233.342805
1790854451.220197 -2234.390887
1790854451.320197 -2235.437610
1790854451.420197 -2236.482978
1790854451.520197 -2237.526990
1790854451.620197 -2238.569650
1790854451.720197 -2239.610958
1790854451.820197 -2240.650916
1790854451.920197 -2241.689526
1790854452.020197 -2242.726790
1790854452.120197 -2243.762709
1790854452.220197 -2244.797284
1790854452.320197 -2245.830518
1790854452.420197 -2246.862412
1790854452.520197 -2247.892968
1790854452.620197 -2248.922188
1790854452.720197 -2249.950072
1790854452.820197 -2250.976623
1790854452.920197 -2252.001843
1790854453.020197 -2253.025732
1790854453.120197 -2254.048293
1790854453.220197 -2255.069527
1790854453.320197 -2256.089437
1790854453.420197 -2257.108022
1790854453.520197 -2258.125286
1790854453.620197 -2259.141230
1790854453.720197 -2260.155855
1790854453.820197 -2261.169164
1790854453.920197 -2262.181157
1790854454.020197 -2263.191836
1790854454.120197 -2264.201203
1790854454.220197 -2265.209260
1790854454.320197 -2266.216008
1790854454.420197 -2267.221450
1790854454.520197 -2268.225585
1790854454.620197 -2269.228417
1790854454.720197 -2270.229946
1790854454.820197 -2271.230175
1790854454.920197 -2272.229105
1790854455.020197 -2273.226738
1790854455.120197 -2274.223074
1790854455.220197 -2275.218117
1790854455.320197 -2276.211867
1790854455.420197 -2277.204326
1790854455.520197 -2278.195496
1790854455.620197 -2279.185379
1790854455.720197 -2280.173975
1790854455.820197 -2281.161287
1790854455.920197 -2282.147316
1790854456.020197 -2283.132064
1790854456.120197 -2284.115532
1790854456.220197 -2285.097722
1790854456.320197 -2286.078636
1790854456.420197 -2287.058275
1790854456.520197 -2288.036641
1790854456.620197 -2289.013736
1790854456.720197 -2289.989560
1790854456.820197 -2290.964116
1790854456.920197 -2291.937406
1790854457.020197 -2292.909430
1790854457.120197 -2293.880191
1790854457.220197 -2294.849690
1790854457.320197 -2295.817929
1790854457.420197 -2296.784908
1790854457.520197 -2297.750631
1790854457.620197 -2298.715098
1790854457.720197 -2299.678312
1790854457.820197 -2300.640272
1790854457.920197 -2301.600983
1790854458.020197 -2302.560443
1790854458.120197 -2303.518657
1790854458.220197 -2304.475624
1790854458.320197 -2305.431347
1790854458.420197 -2306.385827
1790854458.520197 -2307.339066
1790854458.620197 -2308.291065
1790854458.720197 -2309.241826
1790854458.820197 -2310.191351
1790854458.920197 -2311.139641
1790854459.020197 -2312.086697
1790854459.120197 -2313.032522
1790854459.220197 -2313.977116
1790854459.320197 -2314.920482
1790854459.420197 -2315.862621
1790854459.520197 -2316.803534
1790854459.620197 -2317.743224
1790854459.720197 -2318.681691
1790854459.820197 -2319.618937
1790854459.920197 -2320.554965
1790854460.020197 -2321.489774
1790854460.120197 -2322.423368
1790854460.220197 -2323.355747
1790854460.320197 -2324.286913
1790854460.420197 -2325.216868
1790854460.520197 -2326.145613
1790854460.620197 -2327.073150
1790854460.720197 -2327.999480
1790854460.820197 -2328.924605
1790854460.920197 -2329.848526
1790854461.020197 -2330.771245
1790854461.120197 -2331.692764
1790854461.220197 -2332.613084
1790854461.320197 -2333.532207
1790854461.420197 -2334.450133
1790854461.520197 -2335.366866
1790854461.620197 -2336.282406
1790854461.720197 -2337.196754
1790854461.820197 -2338.109913
1790854461.920197 -2339.021884
1790854462.020197 -2339.932668
1790854462.120197 -2340.842268
1790854462.220197 -2341.750683
1790854462.320197 -2342.657917
1790854462.420197 -2343.563971
1790854462.520197 -2344.468845
1790854462.620197 -2345.372543
1790854462.720197 -2346.275064
1790854462.820197 -2347.176411
1790854462.920197 -2348.076586
1790854463.020197 -2348.975589
1790854463.120197 -2349.873423
1790854463.220197 -2350.770088
1790854463.320197 -2351.665587
1790854463.420197 -2352.559920
1790854463.520197 -2353.453090
1790854463.620197 -2354.345098
1790854463.720197 -2355.235946
1790854463.820197 -2356.125634
1790854463.920197 -2357.014165
1790854464.020197 -2357.901540
1790854464.120197 -2358.787760
1790854464.220197 -2359.672827
1790854464.320197 -2360.556743
1790854464.420197 -2361.439509
1790854464.520197 -2362.321126
1790854464.620197 -2363.201597
1790854464.720197 -2364.080922
1790854464.820197 -2364.959103
1790854464.920197 -2365.836142
1790854465.020197 -2366.712039
1790854465.120197 -2367.586797
1790854465.220197 -2368.460418
1790854465.320197 -2369.332901
1790854465.420197 -2370.204250
1790854465.520197 -2371.074466
1790854465.620197 -2371.943549
1790854465.720197 -2372.811502
1790854465.820197 -2373.678326
1790854465.920197 -2374.544023
1790854466.020197 -2375.408593
1790854466.120197 -2376.272039
1790854466.220197 -2377.134362
1790854466.320197 -2377.995563
1790854466.420197 -2378.855644
1790854466.520197 -2379.714607
1790854466.620197 -2380.572452
1790854466.720197 -2381.429182
1790854466.820197 -2382.284798
1790854466.920197 -2383.139301
1790854467.020197 -2383.992693
1790854467.120197 -2384.844975
1790854467.220197 -2385.696148
1790854467.320197 -2386.546215
1790854467.420197 -2387.395177
1790854467.520197 -2388.243034
1790854467.620197 -2389.089790
1790854467.720197 -2389.935444
1790854467.820197 -2390.779999
1790854467.920197 -2391.623455
1790854468.020197 -2392.465815
1790854468.120197 -2393.307080
1790854468.220197 -2394.147252
1790854468.320197 -2394.986331
1790854468.420197 -2395.824319
1790854468.520197 -2396.661218
1790854468.620197 -2397.497029
1790854468.720197 -2398.331754
1790854468.820197 -2399.165394
1790854468.920197 -2399.997950
1790854469.020197 -2400.829424
1790854469.120197 -2401.659818
1790854469.220197 -2402.489132
1790854469.320197 -2403.317369
1790854469.420197 -2404.144529
1790854469.520197 -2404.970615
1790854469.620197 -2405.795626
1790854469.720197 -2406.619566
1790854469.820197 -2407.442436
1790854469.920197 -2408.264236
1790854470.020197 -2409.084968
1790854470.120197 -2409.904634
1790854470.220197 -2410.723236
1790854470.320197 -2411.540774
1790854470.420197 -2412.357249
1790854470.520197 -2413.172664
1790854470.620197 -2413.987020
1790854470.720197 -2414.800319
1790854470.820197 -2415.612561
1790854470.920197 -2416.423748
1790854471.020197 -2417.233881
1790854471.120197 -2418.042962
1790854471.220197 -2418.850993
1790854471.320197 -2419.657974
1790854471.420197 -2420.463908
1790854471.520197 -2421.268795
1790854471.620197 -2422.072637
1790854471.720197 -2422.875435
1790854471.820197 -2423.677191
1790854471.920197 -2424.477906
1790854472.020197 -2425.277582
1790854472.120197 -2426.076219
1790854472.220197 -2426.873820
1790854472.320197 -2427.670386
1790854472.420197 -2428.465918
1790854472.520197 -2429.260417
1790854472.620197 -2430.053885
1790854472.720197 -2430.846324
1790854472.820197 -2431.637734
1790854472.920197 -2432.428117
1790854473.020197 -2433.217475
1790854473.120197 -2434.005808
1790854473.220197 -2434.793119
1790854473.320197 -2435.579408
1790854473.420197 -2436.364678
1790854473.520197 -2437.148928
1790854473.620197 -2437.932162
1790854473.720197 -2438.714379
1790854473.820197 -2439.495582
1790854473.920197 -2440.275772
1790854474.020197 -2441.054949
1790854474.120197 -2441.833117
1790854474.220197 -2442.610275
1790854474.320197 -2443.386426
1790854474.420197 -2444.161571
1790854474.520197 -2444.935710
1790854474.620197 -2445.708846
1790854474.720197 -2446.480979
1790854474.820197 -2447.252112
1790854474.920197 -2448.022245
1790854475.020197 -2448.791380
1790854475.120197 -2449.559518
1790854475.220197 -2450.326661
1790854475.320197 -2451.092809
1790854475.420197 -2451.857965
1790854475.520197 -2452.622129
1790854475.620197 -2453.385303
1790854475.720197 -2454.147488
1790854475.820197 -2454.908686
1790854475.920197 -2455.668898
1790854476.020197 -2456.428125
1790854476.120197 -2457.186369
1790854476.220197 -2457.943631
1790854476.320197 -2458.699912
1790854476.420197 -2459.455213
1790854476.520197 -2460.209536
1790854476.620197 -2460.962883
1790854476.720197 -2461.715254
1790854476.820197 -2462.466652
1790854476.920197 -2463.217076
1790854477.020197 -2463.966529
1790854477.120197 -2464.715012
1790854477.220197 -2465.462526
1790854477.320197 -2466.209073
1790854477.420197 -2466.954653
1790854477.520197 -2467.699269
1790854477.620197 -2468.442921
1790854477.720197 -2469.185611
1790854477.820197 -2469.927340
1790854477.920197 -2470.668109
1790854478.020197 -2471.407920
1790854478.120197 -2472.146774
1790854478.220197 -2472.884673
1790854478.320197 -2473.621617
1790854478.420197 -2474.357608
1790854478.520197 -2475.092647
1790854478.620197 -2475.826735
1790854478.720197 -2476.559875
1790854478.820197 -2477.292067
1790854478.920197 -2478.023312
1790854479.020197 -2478.753611
1790854479.120197 -2479.482967
1790854479.220197 -2480.211380
1790854479.320197 -2480.938852
1790854479.420197 -2481.665383
1790854479.520197 -2482.390976
1790854479.620197 -2483.115631
1790854479.720197 -2483.839349
1790854479.820197 -2484.562133
1790854479.920197 -2485.283983
1790854480.020197 -2486.004901
1790854480.120197 -2486.724887
1790854480.220197 -2487.443943
1790854480.320197 -2488.162071
1790854480.420197 -2488.879272
1790854480.520197 -2489.595546
1790854480.620197 -2490.310895
1790854480.720197 -2491.025321
1790854480.820197 -2491.738825
1790854480.920197 -2492.451408
1790854481.020197 -2493.163070
1790854481.120197 -2493.873815
1790854481.220197 -2494.583642
1790854481.320197 -2495.292553
1790854481.420197 -2496.000549
1790854481.520197 -2496.707632
1790854481.620197 -2497.413803
1790854481.720197 -2498.119063
1790854481.820197 -2498.823412
1790854481.920197 -2499.526854
1790854482.020197 -2500.229388
1790854482.120197 -2500.931016
1790854482.220197 -2501.631740
1790854482.320197 -2502.331560
1790854482.420197 -2503.030477
1790854482.520197 -2503.728494
1790854482.620197 -2504.425611
1790854482.720197 -2505.121829
1790854482.820197 -2505.817150
1790854482.920197 -2506.511575
1790854483.020197 -2507.205105
1790854483.120197 -2507.897742
1790854483.220197 -2508.589486
1790854483.320197 -2509.280339
1790854483.420197 -2509.970301
1790854483.520197 -2510.659376
1790854483.620197 -2511.347562
1790854483.720197 -2512.034863
1790854483.820197 -2512.721278
1790854483.920197 -2513.406810
1790854484.020197 -2514.091458
1790854484.120197 -2514.775226
1790854484.220197 -2515.458113
1790854484.320197 -2516.140121
1790854484.420197 -2516.821252
1790854484.520197 -2517.501506
1790854484.620197 -2518.180884
1790854484.720197 -2518.859389
1790854484.820197 -2519.537020
1790854484.920197 -2520.213780
1790854485.020197 -2520.889669
1790854485.120197 -2521.564689
1790854485.220197 -2522.238840
1790854485.320197 -2522.912125
1790854485.420197 -2523.584544
1790854485.520197 -2524.256098
1790854485.620197 -2524.926789
1790854485.720197 -2525.596618
1790854485.820197 -2526.265585
1790854485.920197 -2526.933693
1790854486.020197 -2527.600943
1790854486.120197 -2528.267334
1790854486.220197 -2528.932870
1790854486.320197 -2529.597550
1790854486.420197 -2530.261377
1790854486.520197 -2530.924351
1790854486.620197 -2531.586473
1790854486.720197 -2532.247745
1790854486.820197 -2532.908168
1790854486.920197 -2533.567743
1790854487.020197 -2534.226470
1790854487.120197 -2534.884353
1790854487.220197 -2535.541390
1790854487.320197 -2536.197584
1790854487.420197 -2536.852937
1790854487.520197 -2537.507448
1790854487.620197 -2538.161119
1790854487.720197 -2538.813951
1790854487.820197 -2539.465946
1790854487.920197 -2540.117105
1790854488.020197 -2540.767428
1790854488.120197 -2541.416917
1790854488.220197 -2542.065573
1790854488.320197 -2542.713398
1790854488.420197 -2543.360392
1790854488.520197 -2544.006556
1790854488.620197 -2544.651892
1790854488.720197 -2545.296401
1790854488.820197 -2545.940084
1790854488.920197 -2546.582942
1790854489.020197 -2547.224976
1790854489.120197 -2547.866187
1790854489.220197 -2548.506577
1790854489.320197 -2549.146147
1790854489.420197 -2549.784897
1790854489.520197 -2550.422830
1790854489.620197 -2551.059945
1790854489.720197 -2551.696245
1790854489.820197 -2552.331729
1790854489.920197 -2552.966401
1790854490.020197 -2553.600260
1790854490.120197 -2554.233307
1790854490.220197 -2554.865544
1790854490.320197 -2555.496973
1790854490.420197 -2556.127593
1790854490.520197 -2556.757406
1790854490.620197 -2557.386414
1790854490.720197 -2558.014617
1790854490.820197 -2558.642017
1790854490.920197 -2559.268614
1790854491.020197 -2559.894410
1790854491.120197 -2560.519406
1790854491.220197 -2561.143603
1790854491.320197 -2561.767001
1790854491.420197 -2562.389603
1790854491.520197 -2563.011410
1790854491.620197 -2563.632421
1790854491.720197 -2564.252639
1790854491.820197 -2564.872065
1790854491.920197 -2565.490699
1790854492.020197 -2566.108543
1790854492.120197 -2566.725598
1790854492.220197 -2567.341865
1790854492.320197 -2567.957345
1790854492.420197 -2568.572039
1790854492.520197 -2569.185948
1790854492.620197 -2569.799073
1790854492.720197 -2570.411416
1790854492.820197 -2571.022977
1790854492.920197 -2571.633758
1790854493.020197 -2572.243760
1790854493.120197 -2572.852983
1790854493.220197 -2573.461429
1790854493.320197 -2574.069099
1790854493.420197 -2574.675994
1790854493.520197 -2575.282115
1790854493.620197 -2575.887462
1790854493.720197 -2576.492039
1790854493.820197 -2577.095844
1790854493.920197 -2577.698880
1790854494.020197 -2578.301147
1790854494.120197 -2578.902646
1790854494.220197 -2579.503379
1790854494.320197 -2580.103346
1790854494.420197 -2580.702550
1790854494.520197 -2581.300989
1790854494.620197 -2581.898667
1790854494.720197 -2582.495583
1790854494.820197 -2583.091739
1790854494.920197 -2583.687137
1790854495.020197 -2584.281776
1790854495.120197 -2584.875658
1790854495.220197 -2585.468784
1790854495.320197 -2586.061155
1790854495.420197 -2586.652772
1790854495.520197 -2587.243637
1790854495.620197 -2587.833750
1790854495.720197 -2588.423112
1790854495.820197 -2589.011724
1790854495.920197 -2589.599588
1790854496.020197 -2590.186704
1790854496.120197 -2590.773074
1790854496.220197 -2591.358698
1790854496.320197 -2591.943578
1790854496.420197 -2592.527714
1790854496.520197 -2593.111108
1790854496.620197 -2593.693760
1790854496.720197 -2594.275672
1790854496.820197 -2594.856844
1790854496.920197 -2595.437279
1790854497.020197 -2596.016976
1790854497.120197 -2596.595937
1790854497.220197 -2597.174162
1790854497.320197 -2597.751653
1790854497.420197 -2598.328411
1790854497.520197 -2598.904437
1790854497.620197 -2599.479732
1790854497.720197 -2600.054296
1790854497.820197 -2600.628132
1790854497.920197 -2601.201239
1790854498.020197 -2601.773619
1790854498.120197 -2602.345273
1790854498.220197 -2602.916202
1790854498.320197 -2603.486407
1790854498.420197 -2604.055889
1790854498.520197 -2604.624648
1790854498.620197 -2605.192687
1790854498.720197 -2605.760005
1790854498.820197 -2606.326604
1790854498.920197 -2606.892485
1790854499.020197 -2607.457649
1790854499.120197 -2608.022097
1790854499.220197 -2608.585830
1790854499.320197 -2609.148849
1790854499.420197 -2609.711154
1790854499.520197 -2610.272748
1790854499.620197 -2610.833630
1790854499.720197 -2611.393802
1790854499.820197 -2611.953265
1790854499.920197 -2612.512020
1790854500.020197 -2613.070067
1790854500.120197 -2613.627409
1790854500.220197 -2614.184044
1790854500.320197 -2614.739976
1790854500.420197 -2615.295205
1790854500.520197 -2615.849731
1790854500.620197 -2616.403555
1790854500.720197 -2616.956680
1790854500.820197 -2617.509105
1790854500.920197 -2618.060831
1790854501.020197 -2618.611860
1790854501.120197 -2619.162192
1790854501.220197 -2619.711829
1790854501.320197 -2620.260772
1790854501.420197 -2620.809020
1790854501.520197 -2621.356577
1790854501.620197 -2621.903441
1790854501.720197 -2622.449615
1790854501.820197 -2622.995099
1790854501.920197 -2623.539894
1790854502.020197 -2624.084001
1790854502.120197 -2624.627421
1790854502.220197 -2625.170155
1790854502.320197 -2625.712205
1790854502.420197 -2626.253570
1790854502.520197 -2626.794252
1790854502.620197 -2627.334252
1790854502.720197 -2627.873571
1790854502.820197 -2628.412210
1790854502.920197 -2628.950169
1790854503.020197 -2629.487450
1790854503.120197 -2630.024053
1790854503.220197 -2630.559980
1790854503.320197 -2631.095231
1790854503.420197 -2631.629808
1790854503.520197 -2632.163711
1790854503.620197 -2632.696941
1790854503.720197 -2633.229499
1790854503.820197 -2633.761387
1790854503.920197 -2634.292604
1790854504.020197 -2634.823153
1790854504.120197 -2635.353033
1790854504.220197 -2635.882246
1790854504.320197 -2636.410793
1790854504.420197 -2636.938675
1790854504.520197 -2637.465892
1790854504.620197 -2637.992445
1790854504.720197 -2638.518336
1790854504.820197 -2639.043566
1790854504.920197 -2639.568134
1790854505.020197 -2640.092043
1790854505.120197 -2640.615293
1790854505.220197 -2641.137885
1790854505.320197 -2641.659820
1790854505.420197 -2642.181098
1790854505.520197 -2642.701721
1790854505.620197 -2643.221690
1790854505.720197 -2643.741006
1790854505.820197 -2644.259669
1790854505.920197 -2644.777680
1790854506.020197 -2645.295041
1790854506.120197 -2645.811751
1790854506.220197 -2646.327813
1790854506.320197 -2646.843227
1790854506.420197 -2647.357993
1790854506.520197 -2647.872113
1790854506.620197 -2648.385588
1790854506.720197 -2648.898419
1790854506.820197 -2649.410606
1790854506.920197 -2649.922150
1790854507.020197 -2650.433052
1790854507.120197 -2650.943313
1790854507.220197 -2651.452935
1790854507.320197 -2651.961917
1790854507.420197 -2652.470261
1790854507.520197 -2652.977968
1790854507.620197 -2653.485038
1790854507.720197 -2653.991472
1790854507.820197 -2654.497272
1790854507.920197 -2655.002438
1790854508.020197 -2655.506971
1790854508.120197 -2656.010872
1790854508.220197 -2656.514142
1790854508.320197 -2657.016781
1790854508.420197 -2657.518791
1790854508.520197 -2658.020172
1790854508.620197 -2658.520926
1790854508.720197 -2659.021052
1790854508.820197 -2659.520553
1790854508.920197 -2660.019428
1790854509.020197 -2660.517679
1790854509.120197 -2661.015307
1790854509.220197 -2661.512312
1790854509.320197 -2662.008696
1790854509.420197 -2662.504458
1790854509.520197 -2662.999601
1790854509.620197 -2663.494125
1790854509.720197 -2663.988030
1790854509.820197 -2664.481318
1790854509.920197 -2664.973989
1790854510.020197 -2665.466045
1790854510.120197 -2665.957485
1790854510.220197 -2666.448312
1790854510.320197 -2666.938526
1790854510.420197 -2667.428127
1790854510.520197 -2667.917117
1790854510.620197 -2668.405496
1790854510.720197 -2668.893266
1790854510.820197 -2669.380426
1790854510.920197 -2669.866978
1790854511.020197 -2670.352924
1790854511.120197 -2670.838262
1790854511.220197 -2671.322995
1790854511.320197 -2671.807124
1790854511.420197 -2672.290648
1790854511.520197 -2672.773570
1790854511.620197 -2673.255889
1790854511.720197 -2673.737606
1790854511.820197 -2674.218724
1790854511.920197 -2674.699241
1790854512.020197 -2675.179159
1790854512.120197 -2675.658480
1790854512.220197 -2676.137203
1790854512.320197 -2676.615329
1790854512.420197 -2677.092860
1790854512.520197 -2677.569796
1790854512.620197 -2678.046139
1790854512.720197 -2678.521888
1790854512.820197 -2678.997044
1790854512.920197 -2679.471609
1790854513.020197 -2679.945584
1790854513.120197 -2680.418968
1790854513.220197 -2680.891763
1790854513.320197 -2681.363971
1790854513.420197 -2681.835590
1790854513.520197 -2682.306623
1790854513.620197 -2682.777070
1790854513.720197 -2683.246932
1790854513.820197 -2683.716210
1790854513.920197 -2684.184904
1790854514.020197 -2684.653016
1790854514.120197 -2685.120546
1790854514.220197 -2685.587495
1790854514.320197 -2686.053863
1790854514.420197 -2686.519652
1790854514.520197 -2686.984863
1790854514.620197 -2687.449495
1790854514.720197 -2687.913551
1790854514.820197 -2688.377030
1790854514.920197 -2688.839934
1790854515.020197 -2689.302264
1790854515.120197 -2689.764019
1790854515.220197 -2690.225201
1790854515.320197 -2690.685811
1790854515.420197 -2691.145850
1790854515.520197 -2691.605317
1790854515.620197 -2692.064215
1790854515.720197 -2692.522544
1790854515.820197 -2692.980304
1790854515.920197 -2693.437497
1790854516.020197 -2693.894122
1790854516.120197 -2694.350182
1790854516.220197 -2694.805677
1790854516.320197 -2695.260607
1790854516.420197 -2695.714973
1790854516.520197 -2696.168777
1790854516.620197 -2696.622018
1790854516.720197 -2697.074698
1790854516.820197 -2697.526817
1790854516.920197 -2697.978376
1790854517.020197 -2698.429377
1790854517.120197 -2698.879819
1790854517.220197 -2699.329703
1790854517.320197 -2699.779031
1790854517.420197 -2700.227802
1790854517.520197 -2700.676019
1790854517.620197 -2701.123681
1790854517.720197 -2701.570789
1790854517.820197 -2702.017344
1790854517.920197 -2702.463347
1790854518.020197 -2702.908799
1790854518.120197 -2703.353700
1790854518.220197 -2703.798051
1790854518.320197 -2704.241852
1790854518.420197 -2704.685106
1790854518.520197 -2705.127811
1790854518.620197 -2705.569970
1790854518.720197 -2706.011583
1790854518.820197 -2706.452650
1790854518.920197 -2706.893172
1790854519.020197 -2707.333150
1790854519.120197 -2707.772586
1790854519.220197 -2708.211478
1790854519.320197 -2708.649830
1790854519.420197 -2709.087640
1790854519.520197 -2709.524910
1790854519.620197 -2709.961640
1790854519.720197 -2710.397832
1790854519.820197 -2710.833485
1790854519.920197 -2711.268602
1790854520.020197 -2711.703182
1790854520.120197 -2712.137226
1790854520.220197 -2712.570735
1790854520.320197 -2713.003709
1790854520.420197 -2713.436150
1790854520.520197 -2713.868058
1790854520.620197 -2714.299434
1790854520.720197 -2714.730279
1790854520.820197 -2715.160593
1790854520.920197 -2715.590377
1790854521.020197 -2716.019631
1790854521.120197 -2716.448357
1790854521.220197 -2716.876556
1790854521.320197 -2717.304227
1790854521.420197 -2717.731372
1790854521.520197 -2718.157991
1790854521.620197 -2718.584086
1790854521.720197 -2719.009656
1790854521.820197 -2719.434702
1790854521.920197 -2719.859226
1790854522.020197 -2720.283228
1790854522.120197 -2720.706709
1790854522.220197 -2721.129668
1790854522.320197 -2721.552108
1790854522.420197 -2721.974029
1790854522.520197 -2722.395431
1790854522.620197 -2722.816316
1790854522.720197 -2723.236683
1790854522.820197 -2723.656534
1790854522.920197 -2724.075869
1790854523.020197 -2724.494689
1790854523.120197 -2724.912995
1790854523.220197 -2725.330788
1790854523.320197 -2725.748067
1790854523.420197 -2726.164834
1790854523.520197 -2726.581090
1790854523.620197 -2726.996835
1790854523.720197 -2727.412070
1790854523.820197 -2727.826796
1790854523.920197 -2728.241013
1790854524.020197 -2728.654722
1790854524.120197 -2729.067923
1790854524.220197 -2729.480618
1790854524.320197 -2729.892807
1790854524.420197 -2730.304491
1790854524.520197 -2730.715670
1790854524.620197 -2731.126346
1790854524.720197 -2731.536518
1790854524.820197 -2731.946188
1790854524.920197 -2732.355355
1790854525.020197 -2732.764022
1790854525.120197 -2733.172188
1790854525.220197 -2733.579855
1790854525.320197 -2733.987022
1790854525.420197 -2734.393691
1790854525.520197 -2734.799863
1790854525.620197 -2735.205537
1790854525.720197 -2735.610715
1790854525.820197 -2736.015397
1790854525.920197 -2736.419584
1790854526.020197 -2736.823276
1790854526.120197 -2737.226475
1790854526.220197 -2737.629181
1790854526.320197 -2738.031395
1790854526.420197 -2738.433117
1790854526.520197 -2738.834348
1790854526.620197 -2739.235089
1790854526.720197 -2739.635339
1790854526.820197 -2740.035101
1790854526.920197 -2740.434375
1790854527.020197 -2740.833161
1790854527.120197 -2741.231459
1790854527.220197 -2741.629272
1790854527.320197 -2742.026598
1790854527.420197 -2742.423440
1790854527.520197 -2742.819797
1790854527.620197 -2743.215671
1790854527.720197 -2743.611061
1790854527.820197 -2744.005969
1790854527.920197 -2744.400395
1790854528.020197 -2744.794341
1790854528.120197 -2745.187805
1790854528.220197 -2745.580790
1790854528.320197 -2745.973296
1790854528.420197 -2746.365323
1790854528.520197 -2746.756872
1790854528.620197 -2747.147944
1790854528.720197 -2747.538539
1790854528.820197 -2747.928659
1790854528.920197 -2748.318303
1790854529.020197 -2748.707472
1790854529.120197 -2749.096168
1790854529.220197 -2749.484390
1790854529.320197 -2749.872139
1790854529.420197 -2750.259417
1790854529.520197 -2750.646222
1790854529.620197 -2751.032557
1790854529.720197 -2751.418422
1790854529.820197 -2751.803818
1790854529.920197 -2752.188744
1790854530.020197 -2752.573202
1790854530.120197 -2752.957193
1790854530.220197 -2753.340716
1790854530.320197 -2753.723773
1790854530.420197 -2754.106364
1790854530.520197 -2754.488491
1790854530.620197 -2754.870152
1790854530.720197 -2755.251350
1790854530.820197 -2755.632085
1790854530.920197 -2756.012357
1790854531.020197 -2756.392167
1790854531.120197 -2756.771515
1790854531.220197 -2757.150403
1790854531.320197 -2757.528831
1790854531.420197 -2757.906799
1790854531.520197 -2758.284308
1790854531.620197 -2758.661359
1790854531.720197 -2759.037953
1790854531.820197 -2759.414089
1790854531.920197 -2759.789769
1790854532.020197 -2760.164993
1790854532.120197 -2760.539762
1790854532.220197 -2760.914076
1790854532.320197 -2761.287936
1790854532.420197 -2761.661343
1790854532.520197 -2762.034298
1790854532.620197 -2762.406800
1790854532.720197 -2762.778850
1790854532.820197 -2763.150450
1790854532.920197 -2763.521599
1790854533.020197 -2763.892299
1790854533.120197 -2764.262549
1790854533.220197 -2764.632351
1790854533.320197 -2765.001705
1790854533.420197 -2765.370612
1790854533.520197 -2765.739072
1790854533.620197 -2766.107086
1790854533.720197 -2766.474654
1790854533.820197 -2766.841778
1790854533.920197 -2767.208457
1790854534.020197 -2767.574693
1790854534.120197 -2767.940485
1790854534.220197 -2768.305835
1790854534.320197 -2768.670743
1790854534.420197 -2769.035210
1790854534.520197 -2769.399236
1790854534.620197 -2769.762821
1790854534.720197 -2770.125968
1790854534.820197 -2770.488675
1790854534.920197 -2770.850944
1790854535.020197 -2771.212775
1790854535.120197 -2771.574168
1790854535.220197 -2771.935126
1790854535.320197 -2772.295647
1790854535.420197 -2772.655732
1790854535.520197 -2773.015383
1790854535.620197 -2773.374600
1790854535.720197 -2773.733382
1790854535.820197 -2774.091732
1790854535.920197 -2774.449649
1790854536.020197 -2774.807134
1790854536.120197 -2775.164188
1790854536.220197 -2775.520811
1790854536.320197 -2775.877004
1790854536.420197 -2776.232767
1790854536.520197 -2776.588101
1790854536.620197 -2776.943006
1790854536.720197 -2777.297484
1790854536.820197 -2777.651534
1790854536.920197 -2778.005157
1790854537.020197 -2778.358354
1790854537.120197 -2778.711126
1790854537.220197 -2779.063472
1790854537.320197 -2779.415394
1790854537.420197 -2779.766892
1790854537.520197 -2780.117966
1790854537.620197 -2780.468618
1790854537.720197 -2780.818847
1790854537.820197 -2781.168655
1790854537.920197 -2781.518041
1790854538.020197 -2781.867007
1790854538.120197 -2782.215553
1790854538.220197 -2782.563679
1790854538.320197 -2782.911387
1790854538.420197 -2783.258676
1790854538.520197 -2783.605547
1790854538.620197 -2783.952002
1790854538.720197 -2784.298039
1790854538.820197 -2784.643660
1790854538.920197 -2784.988866
1790854539.020197 -2785.333657
1790854539.120197 -2785.678033
1790854539.220197 -2786.021996
1790854539.320197 -2786.365545
1790854539.420197 -2786.708681
1790854539.520197 -2787.051405
1790854539.620197 -2787.393717
1790854539.720197 -2787.735618
1790854539.820197 -2788.077109
1790854539.920197 -2788.418189
1790854540.020197 -2788.758860
1790854540.120197 -2789.099122
1790854540.220197 -2789.438976
1790854540.320197 -2789.778421
1790854540.420197 -2790.117460
1790854540.520197 -2790.456091
1790854540.620197 -2790.794316
1790854540.720197 -2791.132135
1790854540.820197 -2791.469550
1790854540.920197 -2791.806559
1790854541.020197 -2792.143165
1790854541.120197 -2792.479366
1790854541.220197 -2792.815165
1790854541.320197 -2793.150561
1790854541.420197 -2793.485556
1790854541.520197 -2793.820149
1790854541.620197 -2794.154340
1790854541.720197 -2794.488132
1790854541.820197 -2794.821524
1790854541.920197 -2795.154516
1790854542.020197 -2795.487109
1790854542.120197 -2795.819305
1790854542.220197 -2796.151102
1790854542.320197 -2796.482502
1790854542.420197 -2796.813506
1790854542.520197 -2797.144113
1790854542.620197 -2797.474325
1790854542.720197 -2797.804142
1790854542.820197 -2798.133564
1790854542.920197 -2798.462592
1790854543.020197 -2798.791226
1790854543.120197 -2799.119467
1790854543.220197 -2799.447316
1790854543.320197 -2799.774773
1790854543.420197 -2800.101838
1790854543.520197 -2800.428513
1790854543.620197 -2800.754797
1790854543.720197 -2801.080691
1790854543.820197 -2801.406195
1790854543.920197 -2801.731311
1790854544.020197 -2802.056038
1790854544.120197 -2802.380377
1790854544.220197 -2802.704329
1790854544.320197 -2803.027895
1790854544.420197 -2803.351073
1790854544.520197 -2803.673866
1790854544.620197 -2803.996274
1790854544.720197 -2804.318297
1790854544.820197 -2804.639935
1790854544.920197 -2804.961190
1790854545.020197 -2805.282061
1790854545.120197 -2805.602549
1790854545.220197 -2805.922656
1790854545.320197 -2806.242380
1790854545.420197 -2806.561723
1790854545.520197 -2806.880686
1790854545.620197 -2807.199268
1790854545.720197 -2807.517470
1790854545.820197 -2807.835293
1790854545.920197 -2808.152737
1790854546.020197 -2808.469803
1790854546.120197 -2808.786491
1790854546.220197 -2809.102802
1790854546.320197 -2809.418735
1790854546.420197 -2809.734293
1790854546.520197 -2810.049475
1790854546.620197 -2810.364281
1790854546.720197 -2810.678713
1790854546.820197 -2810.992770
1790854546.920197 -2811.306454
1790854547.020197 -2811.619764
1790854547.120197 -2811.932701
1790854547.220197 -2812.245266
1790854547.320197 -2812.557459
1790854547.420197 -2812.869280
1790854547.520197 -2813.180731
1790854547.620197 -2813.491811
1790854547.720197 -2813.802521
1790854547.820197 -2814.112862
1790854547.920197 -2814.422833
1790854548.020197 -2814.732437
1790854548.120197 -2815.041672
1790854548.220197 -2815.350539
1790854548.320197 -2815.659040
1790854548.420197 -2815.967174
1790854548.520197 -2816.274942
1790854548.620197 -2816.582344
1790854548.720197 -2816.889381
1790854548.820197 -2817.196054
1790854548.920197 -2817.502362
1790854549.020197 -2817.808307
1790854549.120197 -2818.113888
1790854549.220197 -2818.419107
1790854549.320197 -2818.723963
1790854549.420197 -2819.028458
1790854549.520197 -2819.332591
1790854549.620197 -2819.636363
1790854549.720197 -2819.939775
1790854549.820197 -2820.242827
1790854549.920197 -2820.545519
1790854550.020197 -2820.847853
1790854550.120197 -2821.149828
1790854550.220197 -2821.451445
1790854550.320197 -2821.752704
1790854550.420197 -2822.053606
1790854550.520197 -2822.354152
1790854550.620197 -2822.654341
1790854550.720197 -2822.954175
1790854550.820197 -2823.253653
1790854550.920197 -2823.552776
1790854551.020197 -2823.851546
1790854551.120197 -2824.149961
1790854551.220197 -2824.448023
1790854551.320197 -2824.745731
1790854551.420197 -2825.043088
1790854551.520197 -2825.340092
1790854551.620197 -2825.636745
1790854551.720197 -2825.933046
1790854551.820197 -2826.228997
1790854551.920197 -2826.524598
1790854552.020197 -2826.819849
1790854552.120197 -2827.114750
1790854552.220197 -2827.409303
1790854552.320197 -2827.703507
1790854552.420197 -2827.997364
1790854552.520197 -2828.290873
1790854552.620197 -2828.584034
1790854552.720197 -2828.876850
1790854552.820197 -2829.169319
1790854552.920197 -2829.461442
1790854553.020197 -2829.753220
1790854553.120197 -2830.044653
1790854553.220197 -2830.335742
1790854553.320197 -2830.626487
1790854553.420197 -2830.916888
1790854553.520197 -2831.206947
1790854553.620197 -2831.496663
1790854553.720197 -2831.786036
1790854553.820197 -2832.075068
1790854553.920197 -2832.363759
1790854554.020197 -2832.652109
1790854554.120197 -2832.940119
1790854554.220197 -2833.227788
1790854554.320197 -2833.515118
1790854554.420197 -2833.802109
1790854554.520197 -2834.088762
1790854554.620197 -2834.375076
1790854554.720197 -2834.661053
1790854554.820197 -2834.946692
1790854554.920197 -2835.231994
1790854555.020197 -2835.516960
1790854555.120197 -2835.801590
1790854555.220197 -2836.085884
1790854555.320197 -2836.369843
1790854555.420197 -2836.653467
1790854555.520197 -2836.936758
1790854555.620197 -2837.219714
1790854555.720197 -2837.502337
1790854555.820197 -2837.784627
1790854555.920197 -2838.066584
1790854556.020197 -2838.348209
1790854556.120197 -2838.629503
1790854556.220197 -2838.910465
1790854556.320197 -2839.191096
1790854556.420197 -2839.471397
1790854556.520197 -2839.751368
1790854556.620197 -2840.031009
1790854556.720197 -2840.310321
1790854556.820197 -2840.589305
1790854556.920197 -2840.867960
1790854557.020197 -2841.146287
1790854557.120197 -2841.424287
1790854557.220197 -2841.701960
1790854557.320197 -2841.979306
1790854557.420197 -2842.256326
1790854557.520197 -2842.533020
1790854557.620197 -2842.809389
1790854557.720197 -2843.085433
1790854557.820197 -2843.361152
1790854557.920197 -2843.636547
1790854558.020197 -2843.911618
1790854558.120197 -2844.186367
1790854558.220197 -2844.460792
1790854558.320197 -2844.734895
1790854558.420197 -2845.008675
1790854558.520197 -2845.282135
1790854558.620197 -2845.555273
1790854558.720197 -2845.828090
1790854558.820197 -2846.100586
1790854558.920197 -2846.372763
1790854559.020197 -2846.644620
1790854559.120197 -2846.916158
1790854559.220197 -2847.187377
1790854559.320197 -2847.458278
1790854559.420197 -2847.728861
1790854559.520197 -2847.999126
1790854559.620197 -2848.269075
1790854559.720197 -2848.538706
1790854559.820197 -2848.808021
1790854559.920197 -2849.077020
1790854560.020197 -2849.345704
1790854560.120197 -2849.614073
1790854560.220197 -2849.882126
1790854560.320197 -2850.149866
1790854560.420197 -2850.417292
1790854560.520197 -2850.684404
1790854560.620197 -2850.951203
1790854560.720197 -2851.217689
1790854560.820197 -2851.483863
1790854560.920197 -2851.749725
1790854561.020197 -2852.015275
1790854561.120197 -2852.280515
1790854561.220197 -2852.545443
1790854561.320197 -2852.810062
1790854561.420197 -2853.074370
1790854561.520197 -2853.338369
1790854561.620197 -2853.602059
1790854561.720197 -2853.865439
1790854561.820197 -2854.128512
1790854561.920197 -2854.391277
1790854562.020197 -2854.653734
1790854562.120197 -2854.915883
1790854562.220197 -2855.177726
1790854562.320197 -2855.439263
1790854562.420197 -2855.700493
1790854562.520197 -2855.961418
1790854562.620197 -2856.222038
1790854562.720197 -2856.482353
1790854562.820197 -2856.742363
1790854562.920197 -2857.002069
1790854563.020197 -2857.261472
1790854563.120197 -2857.520571
1790854563.220197 -2857.779368
1790854563.320197 -2858.037861
1790854563.420197 -2858.296053
1790854563.520197 -2858.553943
1790854563.620197 -2858.811531
1790854563.720197 -2859.068818
1790854563.820197 -2859.325805
1790854563.920197 -2859.582492
1790854564.020197 -2859.838878
1790854564.120197 -2860.094965
1790854564.220197 -2860.350753
1790854564.320197 -2860.606243
1790854564.420197 -2860.861434
1790854564.520197 -2861.116326
1790854564.620197 -2861.370922
1790854564.720197 -2861.625220
1790854564.820197 -2861.879221
1790854564.920197 -2862.132926
1790854565.020197 -2862.386334
1790854565.120197 -2862.639447
1790854565.220197 -2862.892265
1790854565.320197 -2863.144787
1790854565.420197 -2863.397015
1790854565.520197 -2863.648949
1790854565.620197 -2863.900588
1790854565.720197 -2864.151935
1790854565.820197 -2864.402988
1790854565.920197 -2864.653748
1790854566.020197 -2864.904216
1790854566.120197 -2865.154392
1790854566.220197 -2865.404276
1790854566.320197 -2865.653869
1790854566.420197 -2865.903171
1790854566.520197 -2866.152183
1790854566.620197 -2866.400904
1790854566.720197 -2866.649336
1790854566.820197 -2866.897478
1790854566.920197 -2867.145330
1790854567.020197 -2867.392895
1790854567.120197 -2867.640170
1790854567.220197 -2867.887158
1790854567.320197 -2868.133858
1790854567.420197 -2868.380271
1790854567.520197 -2868.626397
1790854567.620197 -2868.872236
1790854567.720197 -2869.117789
1790854567.820197 -2869.363056
1790854567.920197 -2869.608038
1790854568.020197 -2869.852735
1790854568.120197 -2870.097146
1790854568.220197 -2870.341274
1790854568.320197 -2870.585117
1790854568.420197 -2870.828677
1790854568.520197 -2871.071953
1790854568.620197 -2871.314946
1790854568.720197 -2871.557657
1790854568.820197 -2871.800085
1790854568.920197 -2872.042231
1790854569.020197 -2872.284096
1790854569.120197 -2872.525680
1790854569.220197 -2872.766982
1790854569.320197 -2873.008004
1790854569.420197 -2873.248746
1790854569.520197 -2873.489208
1790854569.620197 -2873.729391
1790854569.720197 -2873.969294
1790854569.820197 -2874.208919
1790854569.920197 -2874.448265
1790854570.020197 -2874.687333
1790854570.120197 -2874.926124
1790854570.220197 -2875.164637
1790854570.320197 -2875.402873
1790854570.420197 -2875.640832
1790854570.520197 -2875.878515
1790854570.620197 -2876.115922
1790854570.720197 -2876.353053
1790854570.820197 -2876.589909
1790854570.920197 -2876.826490
1790854571.020197 -2877.062796
1790854571.120197 -2877.298828
1790854571.220197 -2877.534586
1790854571.320197 -2877.770070
1790854571.420197 -2878.005281
1790854571.520197 -2878.240219
1790854571.620197 -2878.474885
1790854571.720197 -2878.709278
1790854571.820197 -2878.943399
1790854571.920197 -2879.177249
1790854572.020197 -2879.410827
1790854572.120197 -2879.644135
1790854572.220197 -2879.877172
1790854572.320197 -2880.109939
1790854572.420197 -2880.342435
1790854572.520197 -2880.574663
1790854572.620197 -2880.806621
1790854572.720197 -2881.038310
1790854572.820197 -2881.269730
1790854572.920197 -2881.500883
1790854573.020197 -2881.731767
1790854573.120197 -2881.962384
1790854573.220197 -2882.192734
1790854573.320197 -2882.422816
1790854573.420197 -2882.652632
1790854573.520197 -2882.882182
1790854573.620197 -2883.111466
1790854573.720197 -2883.340485
1790854573.820197 -2883.569238
1790854573.920197 -2883.797726
1790854574.020197 -2884.025949
1790854574.120197 -2884.253909
1790854574.220197 -2884.481604
1790854574.320197 -2884.709036
1790854574.420197 -2884.936204
1790854574.520197 -2885.163109
1790854574.620197 -2885.389752
1790854574.720197 -2885.616132
1790854574.820197 -2885.842251
1790854574.920197 -2886.068108
1790854575.020197 -2886.293703
1790854575.120197 -2886.519037
1790854575.220197 -2886.744111
1790854575.320197 -2886.968924
1790854575.420197 -2887.193477
1790854575.520197 -2887.417770
1790854575.620197 -2887.641804
1790854575.720197 -2887.865579
1790854575.820197 -2888.089095
1790854575.920197 -2888.312353
1790854576.020197 -2888.535352
1790854576.120197 -2888.758094
1790854576.220197 -2888.980578
1790854576.320197 -2889.202805
1790854576.420197 -2889.424774
1790854576.520197 -2889.646488
1790854576.620197 -2889.867945
1790854576.720197 -2890.089146
1790854576.820197 -2890.310092
1790854576.920197 -2890.530782
1790854577.020197 -2890.751217
1790854577.120197 -2890.971397
1790854577.220197 -2891.191323
1790854577.320197 -2891.410995
1790854577.420197 -2891.630414
1790854577.520197 -2891.849579
1790854577.620197 -2892.068490
1790854577.720197 -2892.287149
1790854577.820197 -2892.505555
1790854577.920197 -2892.723710
1790854578.020197 -2892.941612
1790854578.120197 -2893.159262
1790854578.220197 -2893.376662
1790854578.320197 -2893.593810
1790854578.420197 -2893.810708
1790854578.520197 -2894.027355
1790854578.620197 -2894.243753
1790854578.720197 -2894.459900
1790854578.820197 -2894.675798
1790854578.920197 -2894.891447
1790854579.020197 -2895.106847
1790854579.120197 -2895.321999
1790854579.220197 -2895.536902
1790854579.320197 -2895.751558
1790854579.420197 -2895.965966
1790854579.520197 -2896.180126
1790854579.620197 -2896.394039
1790854579.720197 -2896.607706
1790854579.820197 -2896.821127
1790854579.920197 -2897.034301
1790854580.020197 -2897.247229
1790854580.120197 -2897.459912
1790854580.220197 -2897.672350
1790854580.320197 -2897.884542
1790854580.420197 -2898.096491
1790854580.520197 -2898.308194
1790854580.620197 -2898.519654
1790854580.720197 -2898.730870
1790854580.820197 -2898.941843
1790854580.920197 -2899.152572
1790854581.020197 -2899.363059
1790854581.120197 -2899.573303
1790854581.220197 -2899.783305
1790854581.320197 -2899.993064
1790854581.420197 -2900.202583
1790854581.520197 -2900.411859
1790854581.620197 -2900.620895
1790854581.720197 -2900.829690
1790854581.820197 -2901.038244
1790854581.920197 -2901.246559
1790854582.020197 -2901.454633
1790854582.120197 -2901.662468
1790854582.220197 -2901.870063
1790854582.320197 -2902.077419
1790854582.420197 -2902.284537
1790854582.520197 -2902.491416
1790854582.620197 -2902.698057
1790854582.720197 -2902.904460
1790854582.820197 -2903.110625
1790854582.920197 -2903.316553
1790854583.020197 -2903.522244
1790854583.120197 -2903.727699
1790854583.220197 -2903.932917
1790854583.320197 -2904.137898
1790854583.420197 -2904.342644
1790854583.520197 -2904.547154
1790854583.620197 -2904.751429
1790854583.720197 -2904.955469
1790854583.820197 -2905.159274
1790854583.920197 -2905.362845
1790854584.020197 -2905.566181
1790854584.120197 -2905.769284
1790854584.220197 -2905.972153
1790854584.320197 -2906.174789
1790854584.420197 -2906.377191
1790854584.520197 -2906.579361
1790854584.620197 -2906.781298
1790854584.720197 -2906.983004
1790854584.820197 -2907.184477
1790854584.920197 -2907.385718
1790854585.020197 -2907.586728
1790854585.120197 -2907.787507
1790854585.220197 -2907.988056
1790854585.320197 -2908.188373
1790854585.420197 -2908.388461
1790854585.520197 -2908.588318
1790854585.620197 -2908.787946
1790854585.720197 -2908.987344
1790854585.820197 -2909.186513
1790854585.920197 -2909.385454
1790854586.020197 -2909.584165
1790854586.120197 -2909.782649
1790854586.220197 -2909.980904
1790854586.320197 -2910.178931
1790854586.420197 -2910.376731
1790854586.520197 -2910.574304
1790854586.620197 -2910.771650
1790854586.720197 -2910.968769
1790854586.820197 -2911.165661
1790854586.920197 -2911.362328
1790854587.020197 -2911.558768
1790854587.120197 -2911.754983
1790854587.220197 -2911.950973
1790854587.320197 -2912.146737
1790854587.420197 -2912.342277
1790854587.520197 -2912.537592
1790854587.620197 -2912.732683
1790854587.720197 -2912.927550
1790854587.820197 -2913.122193
1790854587.920197 -2913.316613
1790854588.020197 -2913.510809
1790854588.120197 -2913.704783
1790854588.220197 -2913.898534
1790854588.320197 -2914.092062
1790854588.420197 -2914.285368
1790854588.520197 -2914.478453
1790854588.620197 -2914.671316
1790854588.720197 -2914.863957
1790854588.820197 -2915.056378
1790854588.920197 -2915.248577
1790854589.020197 -2915.440556
1790854589.120197 -2915.632315
1790854589.220197 -2915.823854
1790854589.320197 -2916.015173
1790854589.420197 -2916.206272
1790854589.520197 -2916.397153
1790854589.620197 -2916.587814
1790854589.720197 -2916.778256
1790854589.820197 -2916.968480
1790854589.920197 -2917.158486
1790854590.020197 -2917.348274
1790854590.120197 -2917.537844
1790854590.220197 -2917.727197
1790854590.320197 -2917.916333
1790854590.420197 -2918.105251
1790854590.520197 -2918.293953
1790854590.620197 -2918.482439
1790854590.720197 -2918.670708
1790854590.820197 -2918.858762
1790854590.920197 -2919.046600
1790854591.020197 -2919.234223
1790854591.120197 -2919.421630
1790854591.220197 -2919.608823
1790854591.320197 -2919.795801
1790854591.420197 -2919.982564
1790854591.520197 -2920.169114
1790854591.620197 -2920.355450
1790854591.720197 -2920.541572
1790854591.820197 -2920.727480
1790854591.920197 -2920.913176
1790854592.020197 -2921.098659
1790854592.120197 -2921.283929
1790854592.220197 -2921.468987
1790854592.320197 -2921.653833
1790854592.420197 -2921.838467
1790854592.520197 -2922.022889
1790854592.620197 -2922.207100
1790854592.720197 -2922.391100
1790854592.820197 -2922.574889
1790854592.920197 -2922.758468
1790854593.020197 -2922.941836
1790854593.120197 -2923.124994
1790854593.220197 -2923.307942
1790854593.320197 -2923.490681
1790854593.420197 -2923.673210
1790854593.520197 -2923.855530
1790854593.620197 -2924.037642
1790854593.720197 -2924.219544
1790854593.820197 -2924.401239
1790854593.920197 -2924.582725
1790854594.020197 -2924.764003
1790854594.120197 -2924.945074
1790854594.220197 -2925.125937
1790854594.320197 -2925.306593
1790854594.420197 -2925.487042
1790854594.520197 -2925.667285
1790854594.620197 -2925.847321
1790854594.720197 -2926.027151
1790854594.820197 -2926.206775
1790854594.920197 -2926.386194
1790854595.020197 -2926.565406
1790854595.120197 -2926.744414
1790854595.220197 -2926.923217
1790854595.320197 -2927.101815
1790854595.420197 -2927.280208
1790854595.520197 -2927.458397
1790854595.620197 -2927.636383
1790854595.720197 -2927.814164
1790854595.820197 -2927.991742
1790854595.920197 -2928.169117
1790854596.020197 -2928.346288
1790854596.120197 -2928.523257
1790854596.220197 -2928.700023
1790854596.320197 -2928.876587
1790854596.420197 -2929.052948
1790854596.520197 -2929.229108
1790854596.620197 -2929.405066
1790854596.720197 -2929.580823
1790854596.820197 -2929.756379
1790854596.920197 -2929.931733
1790854597.020197 -2930.106887
1790854597.120197 -2930.281841
1790854597.220197 -2930.456594
1790854597.320197 -2930.631147
1790854597.420197 -2930.805501
1790854597.520197 -2930.979655
1790854597.620197 -2931.153609
1790854597.720197 -2931.327365
1790854597.820197 -2931.500921
1790854597.920197 -2931.674279
1790854598.020197 -2931.847439
1790854598.120197 -2932.020401
1790854598.220197 -2932.193164
1790854598.320197 -2932.365730
1790854598.420197 -2932.538099
1790854598.520197 -2932.710270
1790854598.620197 -2932.882244
1790854598.720197 -2933.054022
1790854598.820197 -2933.225603
1790854598.920197 -2933.396988
1790854599.020197 -2933.568176
1790854599.120197 -2933.739169
1790854599.220197 -2933.909966
1790854599.320197 -2934.080568
1790854599.420197 -2934.250974
1790854599.520197 -2934.421186
1790854599.620197 -2934.591203
1790854599.720197 -2934.761025
1790854599.820197 -2934.930653
1790854599.920197 -2935.100087
1790854600.020197 -2935.269327
1790854600.120197 -2935.438374
1790854600.220197 -2935.607227
1790854600.320197 -2935.775887
1790854600.420197 -2935.944354
1790854600.520197 -2936.112628
1790854600.620197 -2936.280710
1790854600.720197 -2936.448600
1790854600.820197 -2936.616298
1790854600.920197 -2936.783803
1790854601.020197 -2936.951118
1790854601.120197 -2937.118240
1790854601.220197 -2937.285172
1790854601.320197 -2937.451913
1790854601.420197 -2937.618463
1790854601.520197 -2937.784822
1790854601.620197 -2937.950991
1790854601.720197 -2938.116971
1790854601.820197 -2938.282760
1790854601.920197 -2938.448360
1790854602.020197 -2938.613770
1790854602.120197 -2938.778991
1790854602.220197 -2938.944023
1790854602.320197 -2939.108867
1790854602.420197 -2939.273521
1790854602.520197 -2939.437988
1790854602.620197 -2939.602266
1790854602.720197 -2939.766357
1790854602.820197 -2939.930260
1790854602.920197 -2940.093975
1790854603.020197 -2940.257504
1790854603.120197 -2940.420845
1790854603.220197 -2940.583999
1790854603.320197 -2940.746967
1790854603.420197 -2940.909748
1790854603.520197 -2941.072344
1790854603.620197 -2941.234753
1790854603.720197 -2941.396977
1790854603.820197 -2941.559015
1790854603.920197 -2941.720867
1790854604.020197 -2941.882535
1790854604.120197 -2942.044018
1790854604.220197 -2942.205316
1790854604.320197 -2942.366429
1790854604.420197 -2942.527358
1790854604.520197 -2942.688104
1790854604.620197 -2942.848665
1790854604.720197 -2943.009043
1790854604.820197 -2943.169237
1790854604.920197 -2943.329249
1790854605.020197 -2943.489077
1790854605.120197 -2943.648722
1790854605.220197 -2943.808185
1790854605.320197 -2943.967465
1790854605.420197 -2944.126564
1790854605.520197 -2944.285480
1790854605.620197 -2944.444215
1790854605.720197 -2944.602768
1790854605.820197 -2944.761139
1790854605.920197 -2944.919330
1790854606.020197 -2945.077339
1790854606.120197 -2945.235168
1790854606.220197 -2945.392817
1790854606.320197 -2945.550285
1790854606.420197 -2945.707573
1790854606.520197 -2945.864681
1790854606.620197 -2946.021609
1790854606.720197 -2946.178358
1790854606.820197 -2946.334928
1790854606.920197 -2946.491319
1790854607.020197 -2946.647530
1790854607.120197 -2946.803563
1790854607.220197 -2946.959418
1790854607.320197 -2947.115094
1790854607.420197 -2947.270592
1790854607.520197 -2947.425913
1790854607.620197 -2947.581055
1790854607.720197 -2947.736021
1790854607.820197 -2947.890808
1790854607.920197 -2948.045419
1790854608.020197 -2948.199853
1790854608.120197 -2948.354111
1790854608.220197 -2948.508192
1790854608.320197 -2948.662096
1790854608.420197 -2948.815825
1790854608.520197 -2948.969378
1790854608.620197 -2949.122755
1790854608.720197 -2949.275956
1790854608.820197 -2949.428983
1790854608.920197 -2949.581834
1790854609.020197 -2949.734510
1790854609.120197 -2949.887012
1790854609.220197 -2950.039339
1790854609.320197 -2950.191492
1790854609.420197 -2950.343471
1790854609.520197 -2950.495276
1790854609.620197 -2950.646908
1790854609.720197 -2950.798366
1790854609.820197 -2950.949650
1790854609.920197 -2951.100761
1790854610.020197 -2951.251700
1790854610.120197 -2951.402466
1790854610.220197 -2951.553059
1790854610.320197 -2951.703480
1790854610.420197 -2951.853729
1790854610.520197 -2952.003806
1790854610.620197 -2952.153711
1790854610.720197 -2952.303445
1790854610.820197 -2952.453007
1790854610.920197 -2952.602398
1790854611.020197 -2952.751618
1790854611.120197 -2952.900667
1790854611.220197 -2953.049546
1790854611.320197 -2953.198254
1790854611.420197 -2953.346792
1790854611.520197 -2953.495161
1790854611.620197 -2953.643359
1790854611.720197 -2953.791387
1790854611.820197 -2953.939247
1790854611.920197 -2954.086937
1790854612.020197 -2954.234457
1790854612.120197 -2954.381809
1790854612.220197 -2954.528993
1790854612.320197 -2954.676008
1790854612.420197 -2954.822854
1790854612.520197 -2954.969532
1790854612.620197 -2955.116043
1790854612.720197 -2955.262386
1790854612.820197 -2955.408561
1790854612.920197 -2955.554568
1790854613.020197 -2955.700409
1790854613.120197 -2955.846083
1790854613.220197 -2955.991589
1790854613.320197 -2956.136930
1790854613.420197 -2956.282103
1790854613.520197 -2956.427111
1790854613.620197 -2956.571952
1790854613.720197 -2956.716627
1790854613.820197 -2956.861137
1790854613.920197 -2957.005482
1790854614.020197 -2957.149660
1790854614.120197 -2957.293674
1790854614.220197 -2957.437523
1790854614.320197 -2957.581207
1790854614.420197 -2957.724727
1790854614.520197 -2957.868082
1790854614.620197 -2958.011272
1790854614.720197 -2958.154299
1790854614.820197 -2958.297162
1790854614.920197 -2958.439861
1790854615.020197 -2958.582397
1790854615.120197 -2958.724769
1790854615.220197 -2958.866979
1790854615.320197 -2959.009025
1790854615.420197 -2959.150908
1790854615.520197 -2959.292629
1790854615.620197 -2959.434188
1790854615.720197 -2959.575584
1790854615.820197 -2959.716818
1790854615.920197 -2959.857891
1790854616.020197 -2959.998801
1790854616.120197 -2960.139550
1790854616.220197 -2960.280138
1790854616.320197 -2960.420565
1790854616.420197 -2960.560831
1790854616.520197 -2960.700935
1790854616.620197 -2960.840880
1790854616.720197 -2960.980663
1790854616.820197 -2961.120287
1790854616.920197 -2961.259750
1790854617.020197 -2961.399054
1790854617.120197 -2961.538197
1790854617.220197 -2961.677182
1790854617.320197 -2961.816006
1790854617.420197 -2961.954672
1790854617.520197 -2962.093178
1790854617.620197 -2962.231526
1790854617.720197 -2962.369715
1790854617.820197 -2962.507745
1790854617.920197 -2962.645618
1790854618.020197 -2962.783332
1790854618.120197 -2962.920888
1790854618.220197 -2963.058286
1790854618.320197 -2963.195526
1790854618.420197 -2963.332609
1790854618.520197 -2963.469535
1790854618.620197 -2963.606304
1790854618.720197 -2963.742915
1790854618.820197 -2963.879370
1790854618.920197 -2964.015668
1790854619.020197 -2964.151810
1790854619.120197 -2964.287796
1790854619.220197 -2964.423625
1790854619.320197 -2964.559299
1790854619.420197 -2964.694817
1790854619.520197 -2964.830179
1790854619.620197 -2964.965386
1790854619.720197 -2965.100438
1790854619.820197 -2965.235334
1790854619.920197 -2965.370076
1790854620.020197 -2965.504663
1790854620.120197 -2965.639095
1790854620.220197 -2965.773373
1790854620.320197 -2965.907497
1790854620.420197 -2966.041467
1790854620.520197 -2966.175282
1790854620.620197 -2966.308945
1790854620.720197 -2966.442453
1790854620.820197 -2966.575808
1790854620.920197 -2966.709010
1790854621.020197 -2966.842059
1790854621.120197 -2966.974955
1790854621.220197 -2967.107699
1790854621.320197 -2967.240290
1790854621.420197 -2967.372728
1790854621.520197 -2967.505014
1790854621.620197 -2967.637148
1790854621.720197 -2967.769131
1790854621.820197 -2967.900961
1790854621.920197 -2968.032640
1790854622.020197 -2968.164168
1790854622.120197 -2968.295545
1790854622.220197 -2968.426770
1790854622.320197 -2968.557845
1790854622.420197 -2968.688768
1790854622.520197 -2968.819542
1790854622.620197 -2968.950164
1790854622.720197 -2969.080637
1790854622.820197 -2969.210960
1790854622.920197 -2969.341132
1790854623.020197 -2969.471155
1790854623.120197 -2969.601028
1790854623.220197 -2969.730752
1790854623.320197 -2969.860327
1790854623.420197 -2969.989752
1790854623.520197 -2970.119029
1790854623.620197 -2970.248157
1790854623.720197 -2970.377136
1790854623.820197 -2970.505967
1790854623.920197 -2970.634649
1790854624.020197 -2970.763184
1790854624.120197 -2970.891570
1790854624.220197 -2971.019809
1790854624.320197 -2971.147900
1790854624.420197 -2971.275843
1790854624.520197 -2971.403639
1790854624.620197 -2971.531288
1790854624.720197 -2971.658790
1790854624.820197 -2971.786145
1790854624.920197 -2971.913353
1790854625.020197 -2972.040415
1790854625.120197 -2972.167331
1790854625.220197 -2972.294100
1790854625.320197 -2972.420723
1790854625.420197 -2972.547201
1790854625.520197 -2972.673532
1790854625.620197 -2972.799718
1790854625.720197 -2972.925759
1790854625.820197 -2973.051654
1790854625.920197 -2973.177404
1790854626.020197 -2973.303009
1790854626.120197 -2973.428470
1790854626.220197 -2973.553785
1790854626.320197 -2973.678956
1790854626.420197 -2973.803983
1790854626.520197 -2973.928866
1790854626.620197 -2974.053605
1790854626.720197 -2974.178199
1790854626.820197 -2974.302651
1790854626.920197 -2974.426958
1790854627.020197 -2974.551122
1790854627.120197 -2974.675143
1790854627.220197 -2974.799021
1790854627.320197 -2974.922755
1790854627.420197 -2975.046347
1790854627.520197 -2975.169797
1790854627.620197 -2975.293104
1790854627.720197 -2975.416268
1790854627.820197 -2975.539290
1790854627.920197 -2975.662171
1790854628.020197 -2975.784909
1790854628.120197 -2975.907506
1790854628.220197 -2976.029961
1790854628.320197 -2976.152275
1790854628.420197 -2976.274447
1790854628.520197 -2976.396478
1790854628.620197 -2976.518369
1790854628.720197 -2976.640118
1790854628.820197 -2976.761727
1790854628.920197 -2976.883195
1790854629.020197 -2977.004523
1790854629.120197 -2977.125711
1790854629.220197 -2977.246758
1790854629.320197 -2977.367666
1790854629.420197 -2977.488434
1790854629.520197 -2977.609062
1790854629.620197 -2977.729551
1790854629.720197 -2977.849900
1790854629.820197 -2977.970111
1790854629.920197 -2978.090182
1790854630.020197 -2978.210114
1790854630.120197 -2978.329908
1790854630.220197 -2978.449563
1790854630.320197 -2978.569080
1790854630.420197 -2978.688458
1790854630.520197 -2978.807698
1790854630.620197 -2978.926800
1790854630.720197 -2979.045765
1790854630.820197 -2979.164591
1790854630.920197 -2979.283280
1790854631.020197 -2979.401832
1790854631.120197 -2979.520246
1790854631.220197 -2979.638524
1790854631.320197 -2979.756664
1790854631.420197 -2979.874667
1790854631.520197 -2979.992534
1790854631.620197 -2980.110264
1790854631.720197 -2980.227858
1790854631.820197 -2980.345316
1790854631.920197 -2980.462637
1790854632.020197 -2980.579823
1790854632.120197 -2980.696872
1790854632.220197 -2980.813786
1790854632.320197 -2980.930565
1790854632.420197 -2981.047208
1790854632.520197 -2981.163715
1790854632.620197 -2981.280088
1790854632.720197 -2981.396326
1790854632.820197 -2981.512429
1790854632.920197 -2981.628397
1790854633.020197 -2981.744231
1790854633.120197 -2981.859930
1790854633.220197 -2981.975495
1790854633.320197 -2982.090926
1790854633.420197 -2982.206223
1790854633.520197 -2982.321386
1790854633.620197 -2982.436416
1790854633.720197 -2982.551312
1790854633.820197 -2982.666074
1790854633.920197 -2982.780703
1790854634.020197 -2982.895199
1790854634.120197 -2983.009563
1790854634.220197 -2983.123793
1790854634.320197 -2983.237890
1790854634.420197 -2983.351855
1790854634.520197 -2983.465688
1790854634.620197 -2983.579388
1790854634.720197 -2983.692956
1790854634.820197 -2983.806393
1790854634.920197 -2983.919697
1790854635.020197 -2984.032869
1790854635.120197 -2984.145910
1790854635.220197 -2984.258820
1790854635.320197 -2984.371598
1790854635.420197 -2984.484245
1790854635.520197 -2984.596761
1790854635.620197 -2984.709146
1790854635.720197 -2984.821400
1790854635.820197 -2984.933524
1790854635.920197 -2985.045517
1790854636.020197 -2985.157380
1790854636.120197 -2985.269112
1790854636.220197 -2985.380715
1790854636.320197 -2985.492187
1790854636.420197 -2985.603530
1790854636.520197 -2985.714743
1790854636.620197 -2985.825826
1790854636.720197 -2985.936780
1790854636.820197 -2986.047605
1790854636.920197 -2986.158301
1790854637.020197 -2986.268867
1790854637.120197 -2986.379305
1790854637.220197 -2986.489614
1790854637.320197 -2986.599795
1790854637.420197 -2986.709847
1790854637.520197 -2986.819770
1790854637.620197 -2986.929566
1790854637.720197 -2987.039233
1790854637.820197 -2987.148772
1790854637.920197 -2987.258184
1790854638.020197 -2987.367468
1790854638.120197 -2987.476624
1790854638.220197 -2987.585653
1790854638.320197 -2987.694555
1790854638.420197 -2987.803330
1790854638.520197 -2987.911977
1790854638.620197 -2988.020498
1790854638.720197 -2988.128892
1790854638.820197 -2988.237159
1790854638.920197 -2988.345300
1790854639.020197 -2988.453315
1790854639.120197 -2988.561203
1790854639.220197 -2988.668965
1790854639.320197 -2988.776602
1790854639.420197 -2988.884112
1790854639.520197 -2988.991497
1790854639.620197 -2989.098756
1790854639.720197 -2989.205890
1790854639.820197 -2989.312898
1790854639.920197 -2989.419782
1790854640.020197 -2989.526540
1790854640.120197 -2989.633173
1790854640.220197 -2989.739682
1790854640.320197 -2989.846066
1790854640.420197 -2989.952325
1790854640.520197 -2990.058460
1790854640.620197 -2990.164470
1790854640.720197 -2990.270357
1790854640.820197 -2990.376119
1790854640.920197 -2990.481758
1790854641.020197 -2990.587273
1790854641.120197 -2990.692664
1790854641.220197 -2990.797932
1790854641.320197 -2990.903076
1790854641.420197 -2991.008097
1790854641.520197 -2991.112995
1790854641.620197 -2991.217770
1790854641.720197 -2991.322422
1790854641.820197 -2991.426952
1790854641.920197 -2991.531358
1790854642.020197 -2991.635642
1790854642.120197 -2991.739804
1790854642.220197 -2991.843844
1790854642.320197 -2991.947761
1790854642.420197 -2992.051557
1790854642.520197 -2992.155230
1790854642.620197 -2992.258782
1790854642.720197 -2992.362213
1790854642.820197 -2992.465521
1790854642.920197 -2992.568709
1790854643.020197 -2992.671775
1790854643.120197 -2992.774720
1790854643.220197 -2992.877544
1790854643.320197 -2992.980247
1790854643.420197 -2993.082830
1790854643.520197 -2993.185292
1790854643.620197 -2993.287633
1790854643.720197 -2993.389854
1790854643.820197 -2993.491954
1790854643.920197 -2993.593935
1790854644.020197 -2993.695796
1790854644.120197 -2993.797536
1790854644.220197 -2993.899157
1790854644.320197 -2994.000658
1790854644.420197 -2994.102040
1790854644.520197 -2994.203302
1790854644.620197 -2994.304445
1790854644.720197 -2994.405469
1790854644.820197 -2994.506374
1790854644.920197 -2994.607160
1790854645.020197 -2994.707827
1790854645.120197 -2994.808376
1790854645.220197 -2994.908806
1790854645.320197 -2995.009117
1790854645.420197 -2995.109311
1790854645.520197 -2995.209386
1790854645.620197 -2995.309343
1790854645.720197 -2995.409182
1790854645.820197 -2995.508903
1790854645.920197 -2995.608506
1790854646.020197 -2995.707992
1790854646.120197 -2995.807361
1790854646.220197 -2995.906612
1790854646.320197 -2996.005746
1790854646.420197 -2996.104762
1790854646.520197 -2996.203662
1790854646.620197 -2996.302445
1790854646.720197 -2996.401111
1790854646.820197 -2996.499661
1790854646.920197 -2996.598094
1790854647.020197 -2996.696410
1790854647.120197 -2996.794610
1790854647.220197 -2996.892695
1790854647.320197 -2996.990663
1790854647.420197 -2997.088515
1790854647.520197 -2997.186251
1790854647.620197 -2997.283872
1790854647.720197 -2997.381377
1790854647.820197 -2997.478767
1790854647.920197 -2997.576041
1790854648.020197 -2997.673200
1790854648.120197 -2997.770244
1790854648.220197 -2997.867173
1790854648.320197 -2997.963987
1790854648.420197 -2998.060686
1790854648.520197 -2998.157271
1790854648.620197 -2998.253741
1790854648.720197 -2998.350096
1790854648.820197 -2998.446338
1790854648.920197 -2998.542465
1790854649.020197 -2998.638478
1790854649.120197 -2998.734377
1790854649.220197 -2998.830163
1790854649.320197 -2998.925834
1790854649.420197 -2999.021392
1790854649.520197 -2999.116837
1790854649.620197 -2999.212168
1790854649.720197 -2999.307385
1790854649.820197 -2999.402490
1790854649.920197 -2999.497482
1790854650.020197 -2999.592360
1790854650.120197 -2999.687126
1790854650.220197 -2999.781779
1790854650.320197 -2999.876320
1790854650.420197 -2999.970748
1790854650.520197 -3000.065064
1790854650.620197 -3000.159267
1790854650.720197 -3000.253359
1790854650.820197 -3000.347338
1790854650.920197 -3000.441205
1790854651.020197 -3000.534961
1790854651.120197 -3000.628605
1790854651.220197 -3000.722137
1790854651.320197 -3000.815558
1790854651.420197 -3000.908867
1790854651.520197 -3001.002066
1790854651.620197 -3001.095153
1790854651.720197 -3001.188129
1790854651.820197 -3001.280994
1790854651.920197 -3001.373748
1790854652.020197 -3001.466392
1790854652.120197 -3001.558925
1790854652.220197 -3001.651348
1790854652.320197 -3001.743660
1790854652.420197 -3001.835862
1790854652.520197 -3001.927954
1790854652.620197 -3002.019935
1790854652.720197 -3002.111807
1790854652.820197 -3002.203569
1790854652.920197 -3002.295222
1790854653.020197 -3002.386765
1790854653.120197 -3002.478198
1790854653.220197 -3002.569522
1790854653.320197 -3002.660736
1790854653.420197 -3002.751842
1790854653.520197 -3002.842838
1790854653.620197 -3002.933726
1790854653.720197 -3003.024505
1790854653.820197 -3003.115174
1790854653.920197 -3003.205736
1790854654.020197 -3003.296189
1790854654.120197 -3003.386533
1790854654.220197 -3003.476769
1790854654.320197 -3003.566897
1790854654.420197 -3003.656917
1790854654.520197 -3003.746829
1790854654.620197 -3003.836633
1790854654.720197 -3003.926329
1790854654.820197 -3004.015917
1790854654.920197 -3004.105398
1790854655.020197 -3004.194772
1790854655.120197 -3004.284038
1790854655.220197 -3004.373197
1790854655.320197 -3004.462249
1790854655.420197 -3004.551194
1790854655.520197 -3004.640032
1790854655.620197 -3004.728763
1790854655.720197 -3004.817387
1790854655.820197 -3004.905905
1790854655.920197 -3004.994317
1790854656.020197 -3005.082622
1790854656.120197 -3005.170820
1790854656.220197 -3005.258913
1790854656.320197 -3005.346899
1790854656.420197 -3005.434780
1790854656.520197 -3005.522554
1790854656.620197 -3005.610223
1790854656.720197 -3005.697786
1790854656.820197 -3005.785244
1790854656.920197 -3005.872596
1790854657.020197 -3005.959843
1790854657.120197 -3006.046985
1790854657.220197 -3006.134021
1790854657.320197 -3006.220953
1790854657.420197 -3006.307779
1790854657.520197 -3006.394501
1790854657.620197 -3006.481118
1790854657.720197 -3006.567630
1790854657.820197 -3006.654038
1790854657.920197 -3006.740341
1790854658.020197 -3006.826540
1790854658.120197 -3006.912635
1790854658.220197 -3006.998626
1790854658.320197 -3007.084513
1790854658.420197 -3007.170295
1790854658.520197 -3007.255974
1790854658.620197 -3007.341550
1790854658.720197 -3007.427021
1790854658.820197 -3007.512390
1790854658.920197 -3007.597654
1790854659.020197 -3007.682816
1790854659.120197 -3007.767874
1790854659.220197 -3007.852830
1790854659.320197 -3007.937682
1790854659.420197 -3008.022431
1790854659.520197 -3008.107078
1790854659.620197 -3008.191621
1790854659.720197 -3008.276063
1790854659.820197 -3008.360401
1790854659.920197 -3008.444638
1790854660.020197 -3008.528772
1790854660.120197 -3008.612804
1790854660.220197 -3008.696733
1790854660.320197 -3008.780561
1790854660.420197 -3008.864287
1790854660.520197 -3008.947911
1790854660.620197 -3009.031433
1790854660.720197 -3009.114854
1790854660.820197 -3009.198173
1790854660.920197 -3009.281391
1790854661.020197 -3009.364508
1790854661.120197 -3009.447523
1790854661.220197 -3009.530437
1790854661.320197 -3009.613250
1790854661.420197 -3009.695963
1790854661.520197 -3009.778574
1790854661.620197 -3009.861085
1790854661.720197 -3009.943495
1790854661.820197 -3010.025805
1790854661.920197 -3010.108014
1790854662.020197 -3010.190123
1790854662.120197 -3010.272131
1790854662.220197 -3010.354040
1790854662.320197 -3010.435848
1790854662.420197 -3010.517557
1790854662.520197 -3010.599165
1790854662.620197 -3010.680674
1790854662.720197 -3010.762084
1790854662.820197 -3010.843393
1790854662.920197 -3010.924604
1790854663.020197 -3011.005714
1790854663.120197 -3011.086726
1790854663.220197 -3011.167639
1790854663.320197 -3011.248452
1790854663.420197 -3011.329166
1790854663.520197 -3011.409782
1790854663.620197 -3011.490298
1790854663.720197 -3011.570716
1790854663.820197 -3011.651036
1790854663.920197 -3011.731257
1790854664.020197 -3011.811379
1790854664.120197 -3011.891403
1790854664.220197 -3011.971329
1790854664.320197 -3012.051157
1790854664.420197 -3012.130887
1790854664.520197 -3012.210519
1790854664.620197 -3012.290053
1790854664.720197 -3012.369489
1790854664.820197 -3012.448828
1790854664.920197 -3012.528069
1790854665.020197 -3012.607212
1790854665.120197 -3012.686259
1790854665.220197 -3012.765207
1790854665.320197 -3012.844059
1790854665.420197 -3012.922814
1790854665.520197 -3013.001471
1790854665.620197 -3013.080032
1790854665.720197 -3013.158496
1790854665.820197 -3013.236863
1790854665.920197 -3013.315134
1790854666.020197 -3013.393308
1790854666.120197 -3013.471385
1790854666.220197 -3013.549366
1790854666.320197 -3013.627251
1790854666.420197 -3013.705040
1790854666.520197 -3013.782733
1790854666.620197 -3013.860329
1790854666.720197 -3013.937830
1790854666.820197 -3014.015235
1790854666.920197 -3014.092544
1790854667.020197 -3014.169758
1790854667.120197 -3014.246876
1790854667.220197 -3014.323899
1790854667.320197 -3014.400826
1790854667.420197 -3014.477658
1790854667.520197 -3014.554395
1790854667.620197 -3014.631037
1790854667.720197 -3014.707584
1790854667.820197 -3014.784036
1790854667.920197 -3014.860393
1790854668.020197 -3014.936655
1790854668.120197 -3015.012823
1790854668.220197 -3015.088896
1790854668.320197 -3015.164875
1790854668.420197 -3015.240759
1790854668.520197 -3015.316549
1790854668.620197 -3015.392245
1790854668.720197 -3015.467847
1790854668.820197 -3015.543355
1790854668.920197 -3015.618769
1790854669.020197 -3015.694089
1790854669.120197 -3015.769316
1790854669.220197 -3015.844448
1790854669.320197 -3015.919488
1790854669.420197 -3015.994433
1790854669.520197 -3016.069286
1790854669.620197 -3016.144045
1790854669.720197 -3016.218711
1790854669.820197 -3016.293283
1790854669.920197 -3016.367763
1790854670.020197 -3016.442150
1790854670.120197 -3016.516444
1790854670.220197 -3016.590645
1790854670.320197 -3016.664754
1790854670.420197 -3016.738769
1790854670.520197 -3016.812693
1790854670.620197 -3016.886524
1790854670.720197 -3016.960262
1790854670.820197 -3017.033909
1790854670.920197 -3017.107463
1790854671.020197 -3017.180925
1790854671.120197 -3017.254296
1790854671.220197 -3017.327574
1790854671.320197 -3017.400760
1790854671.420197 -3017.473855
1790854671.520197 -3017.546858
1790854671.620197 -3017.619770
1790854671.720197 -3017.692590
1790854671.820197 -3017.765319
1790854671.920197 -3017.837956
1790854672.020197 -3017.910503
1790854672.120197 -3017.982958
1790854672.220197 -3018.055322
1790854672.320197 -3018.127595
1790854672.420197 -3018.199777
1790854672.520197 -3018.271869
1790854672.620197 -3018.343870
1790854672.720197 -3018.415780
1790854672.820197 -3018.487600
1790854672.920197 -3018.559329
1790854673.020197 -3018.630968
1790854673.120197 -3018.702516
1790854673.220197 -3018.773975
1790854673.320197 -3018.845343
1790854673.420197 -3018.916622
1790854673.520197 -3018.987810
1790854673.620197 -3019.058909
1790854673.720197 -3019.129917
1790854673.820197 -3019.200836
1790854673.920197 -3019.271666
1790854674.020197 -3019.342406
1790854674.120197 -3019.413056
1790854674.220197 -3019.483618
1790854674.320197 -3019.554090
1790854674.420197 -3019.624472
1790854674.520197 -3019.694766
1790854674.620197 -3019.764971
1790854674.720197 -3019.835086
1790854674.820197 -3019.905113
1790854674.920197 -3019.975051
1790854675.020197 -3020.044901
1790854675.120197 -3020.114662
1790854675.220197 -3020.184334
1790854675.320197 -3020.253918
1790854675.420197 -3020.323413
1790854675.520197 -3020.392821
1790854675.620197 -3020.462140
1790854675.720197 -3020.531370
1790854675.820197 -3020.600513
1790854675.920197 -3020.669568
1790854676.020197 -3020.738535
1790854676.120197 -3020.807415
1790854676.220197 -3020.876206
1790854676.320197 -3020.944910
1790854676.420197 -3021.013527
1790854676.520197 -3021.082056
1790854676.620197 -3021.150497
1790854676.720197 -3021.218852
1790854676.820197 -3021.287119
1790854676.920197 -3021.355299
1790854677.020197 -3021.423392
1790854677.120197 -3021.491398
1790854677.220197 -3021.559317
1790854677.320197 -3021.627149
1790854677.420197 -3021.694894
1790854677.520197 -3021.762553
1790854677.620197 -3021.830125
1790854677.720197 -3021.897611
1790854677.820197 -3021.965010
1790854677.920197 -3022.032323
1790854678.020197 -3022.099550
1790854678.120197 -3022.166691
1790854678.220197 -3022.233745
1790854678.320197 -3022.300714
1790854678.420197 -3022.367596
1790854678.520197 -3022.434393
1790854678.620197 -3022.501104
1790854678.720197 -3022.567729
1790854678.820197 -3022.634269
1790854678.920197 -3022.700723
1790854679.020197 -3022.767091
1790854679.120197 -3022.833374
1790854679.220197 -3022.899572
1790854679.320197 -3022.965685
1790854679.420197 -3023.031712
1790854679.520197 -3023.097655
1790854679.620197 -3023.163512
1790854679.720197 -3023.229284
1790854679.820197 -3023.294972
1790854679.920197 -3023.360575
1790854680.020197 -3023.426093
1790854680.120197 -3023.491527
1790854680.220197 -3023.556876
1790854680.320197 -3023.622140
1790854680.420197 -3023.687321
1790854680.520197 -3023.752417
1790854680.620197 -3023.817428
1790854680.720197 -3023.882356
1790854680.820197 -3023.947199
1790854680.920197 -3024.011959
1790854681.020197 -3024.076634
1790854681.120197 -3024.141226
1790854681.220197 -3024.205734
1790854681.320197 -3024.270158
1790854681.420197 -3024.334499
1790854681.520197 -3024.398756
1790854681.620197 -3024.462930
1790854681.720197 -3024.527020
1790854681.820197 -3024.591027
1790854681.920197 -3024.654951
1790854682.020197 -3024.718791
1790854682.120197 -3024.782549
1790854682.220197 -3024.846224
1790854682.320197 -3024.909815
1790854682.420197 -3024.973324
1790854682.520197 -3025.036750
1790854682.620197 -3025.100093
1790854682.720197 -3025.163354
1790854682.820197 -3025.226532
1790854682.920197 -3025.289627
1790854683.020197 -3025.352641
1790854683.120197 -3025.415572
1790854683.220197 -3025.478420
1790854683.320197 -3025.541187
1790854683.420197 -3025.603871
1790854683.520197 -3025.666473
1790854683.620197 -3025.728994
1790854683.720197 -3025.791432
1790854683.820197 -3025.853789
1790854683.920197 -3025.916064
1790854684.020197 -3025.978257
1790854684.120197 -3026.040369
1790854684.220197 -3026.102399
1790854684.320197 -3026.164348
1790854684.420197 -3026.226215
1790854684.520197 -3026.288001
1790854684.620197 -3026.349706
1790854684.720197 -3026.411330
1790854684.820197 -3026.472872
1790854684.920197 -3026.534334
1790854685.020197 -3026.595715
1790854685.120197 -3026.657015
1790854685.220197 -3026.718234
1790854685.320197 -3026.779372
1790854685.420197 -3026.840430
1790854685.520197 -3026.901407
1790854685.620197 -3026.962304
1790854685.720197 -3027.023120
1790854685.820197 -3027.083856
1790854685.920197 -3027.144512
1790854686.020197 -3027.205087
1790854686.120197 -3027.265582
1790854686.220197 -3027.325998
1790854686.320197 -3027.386333
1790854686.420197 -3027.446588
1790854686.520197 -3027.506764
1790854686.620197 -3027.566860
1790854686.720197 -3027.626876
1790854686.820197 -3027.686812
1790854686.920197 -3027.746669
1790854687.020197 -3027.806447
1790854687.120197 -3027.866145
1790854687.220197 -3027.925763
1790854687.320197 -3027.985303
1790854687.420197 -3028.044763
1790854687.520197 -3028.104144
1790854687.620197 -3028.163446
1790854687.720197 -3028.222669
1790854687.820197 -3028.281813
1790854687.920197 -3028.340878
1790854688.020197 -3028.399864
1790854688.120197 -3028.458772
1790854688.220197 -3028.517601
1790854688.320197 -3028.576352
1790854688.420197 -3028.635024
1790854688.520197 -3028.693617
1790854688.620197 -3028.752133
1790854688.720197 -3028.810570
1790854688.820197 -3028.868928
1790854688.920197 -3028.927209
1790854689.020197 -3028.985412
1790854689.120197 -3029.043536
1790854689.220197 -3029.101583
1790854689.320197 -3029.159551
1790854689.420197 -3029.217442
1790854689.520197 -3029.275255
1790854689.620197 -3029.332991
1790854689.720197 -3029.390649
1790854689.820197 -3029.448229
1790854689.920197 -3029.505732
1790854690.020197 -3029.563158
1790854690.120197 -3029.620506
1790854690.220197 -3029.677777
1790854690.320197 -3029.734971
1790854690.420197 -3029.792087
1790854690.520197 -3029.849127
1790854690.620197 -3029.906090
1790854690.720197 -3029.962975
1790854690.820197 -3030.019784
1790854690.920197 -3030.076516
1790854691.020197 -3030.133172
1790854691.120197 -3030.189750
1790854691.220197 -3030.246253
1790854691.320197 -3030.302678
1790854691.420197 -3030.359028
1790854691.520197 -3030.415301
1790854691.620197 -3030.471497
1790854691.720197 -3030.527617
1790854691.820197 -3030.583662
1790854691.920197 -3030.639630
1790854692.020197 -3030.695522
1790854692.120197 -3030.751338
1790854692.220197 -3030.807078
1790854692.320197 -3030.862743
1790854692.420197 -3030.918331
1790854692.520197 -3030.973844
1790854692.620197 -3031.029281
1790854692.720197 -3031.084643
1790854692.820197 -3031.139929
1790854692.920197 -3031.195140
1790854693.020197 -3031.250275
1790854693.120197 -3031.305336
1790854693.220197 -3031.360320
1790854693.320197 -3031.415230
1790854693.420197 -3031.470065
1790854693.520197 -3031.524824
1790854693.620197 -3031.579509
1790854693.720197 -3031.634119
1790854693.820197 -3031.688653
1790854693.920197 -3031.743114
1790854694.020197 -3031.797499
1790854694.120197 -3031.851810
1790854694.220197 -3031.906046
1790854694.320197 -3031.960208
1790854694.420197 -3032.014295
1790854694.520197 -3032.068308
1790854694.620197 -3032.122246
1790854694.720197 -3032.176110
1790854694.820197 -3032.229900
1790854694.920197 -3032.283616
1790854695.020197 -3032.337258
1790854695.120197 -3032.390826
1790854695.220197 -3032.444320
1790854695.320197 -3032.497740
1790854695.420197 -3032.551086
1790854695.520197 -3032.604359
1790854695.620197 -3032.657558
1790854695.720197 -3032.710683
1790854695.820197 -3032.763735
1790854695.920197 -3032.816713
1790854696.020197 -3032.869618
1790854696.120197 -3032.922449
1790854696.220197 -3032.975208
1790854696.320197 -3033.027893
1790854696.420197 -3033.080504
1790854696.520197 -3033.133043
1790854696.620197 -3033.185509
1790854696.720197 -3033.237902
1790854696.820197 -3033.290221
1790854696.920197 -3033.342468
1790854697.020197 -3033.394643
1790854697.120197 -3033.446744
1790854697.220197 -3033.498773
1790854697.320197 -3033.550729
1790854697.420197 -3033.602613
1790854697.520197 -3033.654424
1790854697.620197 -3033.706163
1790854697.720197 -3033.757829
1790854697.820197 -3033.809424
1790854697.920197 -3033.860946
1790854698.020197 -3033.912395
1790854698.120197 -3033.963773
1790854698.220197 -3034.015079
1790854698.320197 -3034.066313
1790854698.420197 -3034.117474
1790854698.520197 -3034.168564
1790854698.620197 -3034.219583
1790854698.720197 -3034.270529
1790854698.820197 -3034.321404
1790854698.920197 -3034.372207
1790854699.020197 -3034.422939
1790854699.120197 -3034.473599
1790854699.220197 -3034.524188
1790854699.320197 -3034.574706
1790854699.420197 -3034.625152
1790854699.520197 -3034.675527
1790854699.620197 -3034.725831
1790854699.720197 -3034.776063
1790854699.820197 -3034.826225
1790854699.920197 -3034.876316
1790854700.020197 -3034.926335
1790854700.120197 -3034.976284
1790854700.220197 -3035.026162
1790854700.320197 -3035.075970
1790854700.420197 -3035.125707
1790854700.520197 -3035.175373
1790854700.620197 -3035.224968
1790854700.720197 -3035.274493
1790854700.820197 -3035.323948
1790854700.920197 -3035.373332
1790854701.020197 -3035.422646
1790854701.120197 -3035.471889
1790854701.220197 -3035.521063
1790854701.320197 -3035.570166
1790854701.420197 -3035.619199
1790854701.520197 -3035.668163
1790854701.620197 -3035.717056
1790854701.720197 -3035.765879
1790854701.820197 -3035.814633
1790854701.920197 -3035.863317
1790854702.020197 -3035.911931
1790854702.120197 -3035.960475
1790854702.220197 -3036.008950
1790854702.320197 -3036.057355
1790854702.420197 -3036.105691
1790854702.520197 -3036.153957
1790854702.620197 -3036.202154
1790854702.720197 -3036.250282
1790854702.820197 -3036.298340
1790854702.920197 -3036.346330
1790854703.020197 -3036.394250
1790854703.120197 -3036.442101
1790854703.220197 -3036.489883
1790854703.320197 -3036.537596
1790854703.420197 -3036.585240
1790854703.520197 -3036.632816
1790854703.620197 -3036.680322
1790854703.720197 -3036.727760
1790854703.820197 -3036.775129
1790854703.920197 -3036.822430
1790854704.020197 -3036.869662
1790854704.120197 -3036.916826
1790854704.220197 -3036.963921
1790854704.320197 -3037.010948
1790854704.420197 -3037.057906
1790854704.520197 -3037.104796
1790854704.620197 -3037.151618
1790854704.720197 -3037.198372
1790854704.820197 -3037.245058
1790854704.920197 -3037.291676
1790854705.020197 -3037.338226
1790854705.120197 -3037.384708
1790854705.220197 -3037.431122
1790854705.320197 -3037.477468
1790854705.420197 -3037.523747
1790854705.520197 -3037.569958
1790854705.620197 -3037.616101
1790854705.720197 -3037.662177
1790854705.820197 -3037.708185
1790854705.920197 -3037.754126
1790854706.020197 -3037.799999
1790854706.120197 -3037.845805
1790854706.220197 -3037.891544
1790854706.320197 -3037.937215
1790854706.420197 -3037.982820
1790854706.520197 -3038.028357
1790854706.620197 -3038.073827
1790854706.720197 -3038.119230
1790854706.820197 -3038.164567
1790854706.920197 -3038.209836
1790854707.020197 -3038.255039
1790854707.120197 -3038.300174
1790854707.220197 -3038.345243
1790854707.320197 -3038.390246
1790854707.420197 -3038.435182
1790854707.520197 -3038.480051
1790854707.620197 -3038.524854
1790854707.720197 -3038.569590
1790854707.820197 -3038.614260
1790854707.920197 -3038.658864
1790854708.020197 -3038.703401
1790854708.120197 -3038.747872
1790854708.220197 -3038.792277
1790854708.320197 -3038.836616
1790854708.420197 -3038.880889
1790854708.520197 -3038.925095
1790854708.620197 -3038.969236
1790854708.720197 -3039.013311
1790854708.820197 -3039.057320
1790854708.920197 -3039.101264
1790854709.020197 -3039.145141
1790854709.120197 -3039.188953
1790854709.220197 -3039.232700
1790854709.320197 -3039.276381
1790854709.420197 -3039.319996
1790854709.520197 -3039.363546
1790854709.620197 -3039.407030
1790854709.720197 -3039.450449
1790854709.820197 -3039.493803
1790854709.920197 -3039.537092
1790854710.020197 -3039.580315
1790854710.120197 -3039.623474
1790854710.220197 -3039.666567
1790854710.320197 -3039.709595
1790854710.420197 -3039.752559
1790854710.520197 -3039.795457
1790854710.620197 -3039.838291
1790854710.720197 -3039.881059
1790854710.820197 -3039.923763
1790854710.920197 -3039.966403
1790854711.020197 -3040.008977
1790854711.120197 -3040.051487
1790854711.220197 -3040.093933
1790854711.320197 -3040.136314
1790854711.420197 -3040.178631
1790854711.520197 -3040.220883
1790854711.620197 -3040.263071
1790854711.720197 -3040.305195
1790854711.820197 -3040.347254
1790854711.920197 -3040.389250
1790854712.020197 -3040.431181
1790854712.120197 -3040.473048
1790854712.220197 -3040.514851
1790854712.320197 -3040.556590
1790854712.420197 -3040.598266
1790854712.520197 -3040.639877
1790854712.620197 -3040.681425
1790854712.720197 -3040.722909
1790854712.820197 -3040.764329
1790854712.920197 -3040.805686
1790854713.020197 -3040.846979
1790854713.120197 -3040.888209
1790854713.220197 -3040.929375
1790854713.320197 -3040.970477
1790854713.420197 -3041.011517
1790854713.520197 -3041.052493
1790854713.620197 -3041.093405
1790854713.720197 -3041.134255
1790854713.820197 -3041.175041
1790854713.920197 -3041.215764
1790854714.020197 -3041.256425
1790854714.120197 -3041.297022
1790854714.220197 -3041.337556
1790854714.320197 -3041.378027
1790854714.420197 -3041.418436
1790854714.520197 -3041.458781
1790854714.620197 -3041.499064
1790854714.720197 -3041.539285
1790854714.820197 -3041.579442
1790854714.920197 -3041.619537
1790854715.020197 -3041.659570
1790854715.120197 -3041.699540
1790854715.220197 -3041.739447
1790854715.320197 -3041.779292
1790854715.420197 -3041.819075
1790854715.520197 -3041.858795
1790854715.620197 -3041.898454
1790854715.720197 -3041.938050
1790854715.820197 -3041.977584
1790854715.920197 -3042.017055
1790854716.020197 -3042.056465
1790854716.120197 -3042.095813
1790854716.220197 -3042.135099
1790854716.320197 -3042.174323
1790854716.420197 -3042.213485
1790854716.520197 -3042.252585
1790854716.620197 -3042.291624
1790854716.720197 -3042.330601
1790854716.820197 -3042.369516
1790854716.920197 -3042.408370
1790854717.020197 -3042.447162
1790854717.120197 -3042.485893
1790854717.220197 -3042.524562
1790854717.320197 -3042.563170
1790854717.420197 -3042.601717
1790854717.520197 -3042.640202
1790854717.620197 -3042.678626
1790854717.720197 -3042.716989
1790854717.820197 -3042.755291
1790854717.920197 -3042.793531
1790854718.020197 -3042.831711
1790854718.120197 -3042.869829
1790854718.220197 -3042.907887
1790854718.320197 -3042.945884
1790854718.420197 -3042.983820
1790854718.520197 -3043.021695
1790854718.620197 -3043.059509
1790854718.720197 -3043.097263
1790854718.820197 -3043.134956
1790854718.920197 -3043.172589
1790854719.020197 -3043.210161
1790854719.120197 -3043.247672
1790854719.220197 -3043.285123
1790854719.320197 -3043.322514
1790854719.420197 -3043.359844
1790854719.520197 -3043.397114
1790854719.620197 -3043.434324
1790854719.720197 -3043.471473
1790854719.820197 -3043.508562
1790854719.920197 -3043.545592
1790854720.020197 -3043.582561
1790854720.120197 -3043.619470
1790854720.220197 -3043.656319
1790854720.320197 -3043.693108
1790854720.420197 -3043.729838
1790854720.520197 -3043.766507
1790854720.620197 -3043.803117
1790854720.720197 -3043.839667
1790854720.820197 -3043.876158
1790854720.920197 -3043.912589
1790854721.020197 -3043.948960
1790854721.120197 -3043.985272
1790854721.220197 -3044.021524
1790854721.320197 -3044.057716
1790854721.420197 -3044.093850
1790854721.520197 -3044.129924
1790854721.620197 -3044.165939
1790854721.720197 -3044.201894
1790854721.820197 -3044.237790
1790854721.920197 -3044.273628
1790854722.020197 -3044.309406
1790854722.120197 -3044.345125
1790854722.220197 -3044.380784
1790854722.320197 -3044.416385
1790854722.420197 -3044.451928
1790854722.520197 -3044.487411
1790854722.620197 -3044.522835
1790854722.720197 -3044.558201
1790854722.820197 -3044.593508
1790854722.920197 -3044.628756
1790854723.020197 -3044.663945
1790854723.120197 -3044.699076
1790854723.220197 -3044.734149
1790854723.320197 -3044.769163
1790854723.420197 -3044.804118
1790854723.520197 -3044.839015
1790854723.620197 -3044.873854
1790854723.720197 -3044.908634
1790854723.820197 -3044.943357
1790854723.920197 -3044.978021
1790854724.020197 -3045.012626
1790854724.120197 -3045.047174
1790854724.220197 -3045.081664
1790854724.320197 -3045.116095
1790854724.420197 -3045.150469
1790854724.520197 -3045.184784
1790854724.620197 -3045.219042
1790854724.720197 -3045.253242
1790854724.820197 -3045.287384
1790854724.920197 -3045.321468
1790854725.020197 -3045.355495
1790854725.120197 -3045.389464
1790854725.220197 -3045.423375
1790854725.320197 -3045.457229
1790854725.420197 -3045.491025
1790854725.520197 -3045.524763
1790854725.620197 -3045.558445
1790854725.720197 -3045.592068
1790854725.820197 -3045.625635
1790854725.920197 -3045.659144
1790854726.020197 -3045.692596
1790854726.120197 -3045.725991
1790854726.220197 -3045.759328
1790854726.320197 -3045.792609
1790854726.420197 -3045.825832
1790854726.520197 -3045.858998
1790854726.620197 -3045.892108
1790854726.720197 -3045.925160
1790854726.820197 -3045.958156
1790854726.920197 -3045.991094
1790854727.020197 -3046.023976
1790854727.120197 -3046.056801
1790854727.220197 -3046.089569
1790854727.320197 -3046.122281
1790854727.420197 -3046.154936
1790854727.520197 -3046.187535
1790854727.620197 -3046.220076
1790854727.720197 -3046.252562
1790854727.820197 -3046.284991
1790854727.920197 -3046.317363
1790854728.020197 -3046.349679
1790854728.120197 -3046.381939
1790854728.220197 -3046.414143
1790854728.320197 -3046.446290
1790854728.420197 -3046.478381
1790854728.520197 -3046.510416
1790854728.620197 -3046.542395
1790854728.720197 -3046.574318
1790854728.820197 -3046.606185
1790854728.920197 -3046.637995
1790854729.020197 -3046.669750
1790854729.120197 -3046.701449
1790854729.220197 -3046.733093
1790854729.320197 -3046.764680
1790854729.420197 -3046.796211
1790854729.520197 -3046.827687
1790854729.620197 -3046.859108
1790854729.720197 -3046.890472
1790854729.820197 -3046.921781
1790854729.920197 -3046.953035
1790854730.020197 -3046.984233
1790854730.120197 -3047.015375
1790854730.220197 -3047.046462
1790854730.320197 -3047.077494
1790854730.420197 -3047.108471
1790854730.520197 -3047.139392
1790854730.620197 -3047.170258
1790854730.720197 -3047.201068
1790854730.820197 -3047.231824
1790854730.920197 -3047.262524
1790854731.020197 -3047.293170
1790854731.120197 -3047.323760
1790854731.220197 -3047.354296
1790854731.320197 -3047.384776
1790854731.420197 -3047.415202
1790854731.520197 -3047.445572
1790854731.620197 -3047.475888
1790854731.720197 -3047.506149
1790854731.820197 -3047.536356
1790854731.920197 -3047.566507
1790854732.020197 -3047.596605
1790854732.120197 -3047.626647
1790854732.220197 -3047.656635
1790854732.320197 -3047.686568
1790854732.420197 -3047.716447
1790854732.520197 -3047.746272
1790854732.620197 -3047.776042
1790854732.720197 -3047.805758
1790854732.820197 -3047.835419
1790854732.920197 -3047.865026
1790854733.020197 -3047.894579
1790854733.120197 -3047.924078
1790854733.220197 -3047.953523
1790854733.320197 -3047.982913
1790854733.420197 -3048.012250
1790854733.520197 -3048.041532
1790854733.620197 -3048.070761
1790854733.720197 -3048.099935
1790854733.820197 -3048.129056
1790854733.920197 -3048.158123
1790854734.020197 -3048.187136
1790854734.120197 -3048.216095
1790854734.220197 -3048.245000
1790854734.320197 -3048.273852
1790854734.420197 -3048.302651
1790854734.520197 -3048.331395
1790854734.620197 -3048.360086
1790854734.720197 -3048.388724
1790854734.820197 -3048.417308
1790854734.920197 -3048.445838
1790854735.020197 -3048.474315
1790854735.120197 -3048.502739
1790854735.220197 -3048.531110
1790854735.320197 -3048.559427
1790854735.420197 -3048.587691
1790854735.520197 -3048.615902
1790854735.620197 -3048.644060
1790854735.720197 -3048.672164
1790854735.820197 -3048.700216
1790854735.920197 -3048.728214
1790854736.020197 -3048.756160
1790854736.120197 -3048.784052
1790854736.220197 -3048.811892
1790854736.320197 -3048.839678
1790854736.420197 -3048.867412
1790854736.520197 -3048.895093
1790854736.620197 -3048.922722
1790854736.720197 -3048.950297
1790854736.820197 -3048.977820
1790854736.920197 -3049.005291
1790854737.020197 -3049.032708
1790854737.120197 -3049.060074
1790854737.220197 -3049.087386
1790854737.320197 -3049.114646
1790854737.420197 -3049.141854
1790854737.520197 -3049.169010
1790854737.620197 -3049.196113
1790854737.720197 -3049.223163
1790854737.820197 -3049.250162
1790854737.920197 -3049.277108
1790854738.020197 -3049.304002
1790854738.120197 -3049.330844
1790854738.220197 -3049.357634
1790854738.320197 -3049.384371
1790854738.420197 -3049.411057
1790854738.520197 -3049.437691
1790854738.620197 -3049.464272
1790854738.720197 -3049.490802
1790854738.820197 -3049.517280
1790854738.920197 -3049.543706
1790854739.020197 -3049.570080
1790854739.120197 -3049.596403
1790854739.220197 -3049.622674
1790854739.320197 -3049.648893
1790854739.420197 -3049.675060
1790854739.520197 -3049.701176
1790854739.620197 -3049.727240
1790854739.720197 -3049.753253
1790854739.820197 -3049.779214
1790854739.920197 -3049.805124
1790854740.020197 -3049.830982
1790854740.120197 -3049.856789
1790854740.220197 -3049.882545
1790854740.320197 -3049.908249
1790854740.420197 -3049.933902
1790854740.520197 -3049.959504
1790854740.620197 -3049.985055
1790854740.720197 -3050.010555
1790854740.820197 -3050.036003
1790854740.920197 -3050.061400
1790854741.020197 -3050.086747
1790854741.120197 -3050.112042
1790854741.220197 -3050.137287
1790854741.320197 -3050.162480
1790854741.420197 -3050.187623
1790854741.520197 -3050.212714
1790854741.620197 -3050.237755
1790854741.720197 -3050.262746
1790854741.820197 -3050.287685
1790854741.920197 -3050.312574
1790854742.020197 -3050.337412
1790854742.120197 -3050.362200
1790854742.220197 -3050.386937
1790854742.320197 -3050.411623
1790854742.420197 -3050.436259
1790854742.520197 -3050.460844
1790854742.620197 -3050.485380
1790854742.720197 -3050.509864
1790854742.820197 -3050.534299
1790854742.920197 -3050.558683
1790854743.020197 -3050.583016
1790854743.120197 -3050.607300
1790854743.220197 -3050.631533
1790854743.320197 -3050.655716
1790854743.420197 -3050.679849
1790854743.520197 -3050.703932
1790854743.620197 -3050.727965
1790854743.720197 -3050.751948
1790854743.820197 -3050.775881
1790854743.920197 -3050.799764
1790854744.020197 -3050.823597
1790854744.120197 -3050.847380
1790854744.220197 -3050.871113
1790854744.320197 -3050.894797
1790854744.420197 -3050.918431
1790854744.520197 -3050.942015
1790854744.620197 -3050.965549
1790854744.720197 -3050.989034
1790854744.820197 -3051.012469
1790854744.920197 -3051.035855
1790854745.020197 -3051.059191
1790854745.120197 -3051.082477
1790854745.220197 -3051.105714
1790854745.320197 -3051.128902
1790854745.420197 -3051.152040
1790854745.520197 -3051.175129
1790854745.620197 -3051.198169
1790854745.720197 -3051.221159
1790854745.820197 -3051.244100
1790854745.920197 -3051.266992
1790854746.020197 -3051.289835
1790854746.120197 -3051.312628
1790854746.220197 -3051.335373
1790854746.320197 -3051.358068
1790854746.420197 -3051.380715
1790854746.520197 -3051.403312
1790854746.620197 -3051.425860
1790854746.720197 -3051.448360
1790854746.820197 -3051.470810
1790854746.920197 -3051.493212
1790854747.020197 -3051.515565
1790854747.120197 -3051.537869
1790854747.220197 -3051.560125
1790854747.320197 -3051.582332
1790854747.420197 -3051.604490
1790854747.520197 -3051.626599
1790854747.620197 -3051.648660
1790854747.720197 -3051.670672
1790854747.820197 -3051.692636
1790854747.920197 -3051.714551
1790854748.020197 -3051.736418
1790854748.120197 -3051.758237
1790854748.220197 -3051.780007
1790854748.320197 -3051.801728
1790854748.420197 -3051.823402
1790854748.520197 -3051.845027
1790854748.620197 -3051.866604
1790854748.720197 -3051.888132
1790854748.820197 -3051.909613
1790854748.920197 -3051.931045
1790854749.020197 -3051.952429
1790854749.120197 -3051.973765
1790854749.220197 -3051.995053
1790854749.320197 -3052.016294
1790854749.420197 -3052.037486
1790854749.520197 -3052.058630
1790854749.620197 -3052.079726
1790854749.720197 -3052.100775
1790854749.820197 -3052.121775
1790854749.920197 -3052.142728
1790854750.020197 -3052.163633
1790854750.120197 -3052.184491
1790854750.220197 -3052.205300
1790854750.320197 -3052.226062
1790854750.420197 -3052.246777
1790854750.520197 -3052.267444
1790854750.620197 -3052.288063
1790854750.720197 -3052.308635
1790854750.820197 -3052.329159
1790854750.920197 -3052.349636
1790854751.020197 -3052.370065
1790854751.120197 -3052.390447
1790854751.220197 -3052.410782
1790854751.320197 -3052.431070
1790854751.420197 -3052.451310
1790854751.520197 -3052.471503
1790854751.620197 -3052.491648
1790854751.720197 -3052.511747
1790854751.820197 -3052.531798
1790854751.920197 -3052.551803
1790854752.020197 -3052.571760
1790854752.120197 -3052.591670
1790854752.220197 -3052.611533
1790854752.320197 -3052.631349
1790854752.420197 -3052.651119
1790854752.520197 -3052.670841
1790854752.620197 -3052.690516
1790854752.720197 -3052.710145
1790854752.820197 -3052.729727
1790854752.920197 -3052.749262
1790854753.020197 -3052.768751
1790854753.120197 -3052.788192
1790854753.220197 -3052.807587
1790854753.320197 -3052.826936
1790854753.420197 -3052.846237
1790854753.520197 -3052.865493
1790854753.620197 -3052.884701
1790854753.720197 -3052.903863
1790854753.820197 -3052.922979
1790854753.920197 -3052.942048
1790854754.020197 -3052.961071
1790854754.120197 -3052.980048
1790854754.220197 -3052.998978
1790854754.320197 -3053.017862
1790854754.420197 -3053.036700
1790854754.520197 -3053.055491
1790854754.620197 -3053.074236
1790854754.720197 -3053.092935
1790854754.820197 -3053.111588
1790854754.920197 -3053.130195
1790854755.020197 -3053.148756
1790854755.120197 -3053.167270
1790854755.220197 -3053.185739
1790854755.320197 -3053.204162
1790854755.420197 -3053.222538
1790854755.520197 -3053.240869
1790854755.620197 -3053.259154
1790854755.720197 -3053.277393
1790854755.820197 -3053.295587
1790854755.920197 -3053.313734
1790854756.020197 -3053.331836
1790854756.120197 -3053.349892
1790854756.220197 -3053.367903
1790854756.320197 -3053.385868
1790854756.420197 -3053.403787
1790854756.520197 -3053.421660
1790854756.620197 -3053.439488
1790854756.720197 -3053.457271
1790854756.820197 -3053.475008
1790854756.920197 -3053.492700
1790854757.020197 -3053.510346
1790854757.120197 -3053.527947
1790854757.220197 -3053.545502
1790854757.320197 -3053.563012
1790854757.420197 -3053.580477
1790854757.520197 -3053.597897
1790854757.620197 -3053.615271
1790854757.720197 -3053.632600
1790854757.820197 -3053.649884
1790854757.920197 -3053.667123
1790854758.020197 -3053.684317
1790854758.120197 -3053.701465
1790854758.220197 -3053.718569
1790854758.320197 -3053.735628
1790854758.420197 -3053.752641
1790854758.520197 -3053.769610
1790854758.620197 -3053.786534
1790854758.720197 -3053.803413
1790854758.820197 -3053.820247
1790854758.920197 -3053.837036
1790854759.020197 -3053.853781
1790854759.120197 -3053.870481
1790854759.220197 -3053.887136
1790854759.320197 -3053.903746
1790854759.420197 -3053.920312
1790854759.520197 -3053.936833
1790854759.620197 -3053.953309
1790854759.720197 -3053.969741
1790854759.820197 -3053.986128
1790854759.920197 -3054.002471
1790854760.020197 -3054.018770
1790854760.120197 -3054.035024
1790854760.220197 -3054.051233
1790854760.320197 -3054.067398
1790854760.420197 -3054.083519
1790854760.520197 -3054.099596
1790854760.620197 -3054.115628
1790854760.720197 -3054.131616
1790854760.820197 -3054.147560
1790854760.920197 -3054.163459
1790854761.020197 -3054.179315
1790854761.120197 -3054.195126
1790854761.220197 -3054.210893
1790854761.320197 -3054.226616
1790854761.420197 -3054.242295
1790854761.520197 -3054.257930
1790854761.620197 -3054.273521
1790854761.720197 -3054.289069
1790854761.820197 -3054.304572
1790854761.920197 -3054.320031
1790854762.020197 -3054.335447
1790854762.120197 -3054.350818
1790854762.220197 -3054.366146
1790854762.320197 -3054.381430
1790854762.420197 -3054.396671
1790854762.520197 -3054.411867
1790854762.620197 -3054.427020
1790854762.720197 -3054.442130
1790854762.820197 -3054.457196
1790854762.920197 -3054.472218
1790854763.020197 -3054.487196
1790854763.120197 -3054.502131
1790854763.220197 -3054.517023
1790854763.320197 -3054.531871
1790854763.420197 -3054.546676
1790854763.520197 -3054.561437
1790854763.620197 -3054.576155
1790854763.720197 -3054.590830
1790854763.820197 -3054.605461
1790854763.920197 -3054.620049
1790854764.020197 -3054.634594
1790854764.120197 -3054.649096
1790854764.220197 -3054.663554
1790854764.320197 -3054.677969
1790854764.420197 -3054.692341
1790854764.520197 -3054.706670
1790854764.620197 -3054.720956
1790854764.720197 -3054.735199
1790854764.820197 -3054.749399
1790854764.920197 -3054.763556
1790854765.020197 -3054.777670
1790854765.120197 -3054.791741
1790854765.220197 -3054.805769
1790854765.320197 -3054.819754
1790854765.420197 -3054.833696
1790854765.520197 -3054.847596
1790854765.620197 -3054.861453
1790854765.720197 -3054.875267
1790854765.820197 -3054.889038
1790854765.920197 -3054.902767
1790854766.020197 -3054.916453
1790854766.120197 -3054.930096
1790854766.220197 -3054.943697
1790854766.320197 -3054.957255
1790854766.420197 -3054.970771
1790854766.520197 -3054.984244
1790854766.620197 -3054.997674
1790854766.720197 -3055.011063
1790854766.820197 -3055.024408
1790854766.920197 -3055.037712
1790854767.020197 -3055.050973
1790854767.120197 -3055.064191
1790854767.220197 -3055.077368
1790854767.320197 -3055.090502
1790854767.420197 -3055.103594
1790854767.520197 -3055.116643
1790854767.620197 -3055.129651
1790854767.720197 -3055.142616
1790854767.820197 -3055.155539
1790854767.920197 -3055.168420
1790854768.020197 -3055.181259
1790854768.120197 -3055.194056
1790854768.220197 -3055.206810
1790854768.320197 -3055.219523
1790854768.420197 -3055.232194
1790854768.520197 -3055.244823
1790854768.620197 -3055.257410
1790854768.720197 -3055.269955
1790854768.820197 -3055.282459
1790854768.920197 -3055.294920
1790854769.020197 -3055.307340
1790854769.120197 -3055.319718
1790854769.220197 -3055.332054
1790854769.320197 -3055.344348
1790854769.420197 -3055.356601
1790854769.520197 -3055.368812
1790854769.620197 -3055.380982
1790854769.720197 -3055.393109
1790854769.820197 -3055.405196
1790854769.920197 -3055.417240
1790854770.020197 -3055.429244
1790854770.120197 -3055.441206
1790854770.220197 -3055.453126
1790854770.320197 -3055.465005
1790854770.420197 -3055.476842
1790854770.520197 -3055.488638
1790854770.620197 -3055.500393
1790854770.720197 -3055.512107
1790854770.820197 -3055.523779
1790854770.920197 -3055.535410
1790854771.020197 -3055.546999
1790854771.120197 -3055.558548
1790854771.220197 -3055.570055
1790854771.320197 -3055.581521
1790854771.420197 -3055.592946
1790854771.520197 -3055.604330
1790854771.620197 -3055.615673
1790854771.720197 -3055.626975
1790854771.820197 -3055.638235
1790854771.920197 -3055.649455
1790854772.020197 -3055.660634
1790854772.120197 -3055.671772
1790854772.220197 -3055.682869
1790854772.320197 -3055.693925
1790854772.420197 -3055.704940
1790854772.520197 -3055.715915
1790854772.620197 -3055.726848
1790854772.720197 -3055.737741
1790854772.820197 -3055.748593
1790854772.920197 -3055.759405
1790854773.020197 -3055.770175
1790854773.120197 -3055.780906
1790854773.220197 -3055.791595
1790854773.320197 -3055.802244
1790854773.420197 -3055.812852
1790854773.520197 -3055.823420
1790854773.620197 -3055.833947
1790854773.720197 -3055.844434
1790854773.820197 -3055.854880
1790854773.920197 -3055.865286
1790854774.020197 -3055.875651
1790854774.120197 -3055.885976
1790854774.220197 -3055.896261
1790854774.320197 -3055.906505
1790854774.420197 -3055.916709
1790854774.520197 -3055.926873
1790854774.620197 -3055.936996
1790854774.720197 -3055.947079
1790854774.820197 -3055.957122
1790854774.920197 -3055.967125
1790854775.020197 -3055.977088
1790854775.120197 -3055.987011
1790854775.220197 -3055.996893
1790854775.320197 -3056.006736
1790854775.420197 -3056.016538
1790854775.520197 -3056.026300
1790854775.620197 -3056.036023
1790854775.720197 -3056.045705
1790854775.820197 -3056.055348
1790854775.920197 -3056.064950
1790854776.020197 -3056.074513
1790854776.120197 -3056.084036
1790854776.220197 -3056.093519
1790854776.320197 -3056.102962
1790854776.420197 -3056.112365
1790854776.520197 -3056.121729
1790854776.620197 -3056.131053
1790854776.720197 -3056.140337
1790854776.820197 -3056.149582
1790854776.920197 -3056.158787
1790854777.020197 -3056.167952
1790854777.120197 -3056.177078
1790854777.220197 -3056.186164
1790854777.320197 -3056.195211
1790854777.420197 -3056.204218
1790854777.520197 -3056.213185
1790854777.620197 -3056.222113
1790854777.720197 -3056.231002
1790854777.820197 -3056.239851
1790854777.920197 -3056.248661
1790854778.020197 -3056.257432
1790854778.120197 -3056.266163
1790854778.220197 -3056.274855
1790854778.320197 -3056.283508
1790854778.420197 -3056.292121
1790854778.520197 -3056.300695
1790854778.620197 -3056.309230
1790854778.720197 -3056.317726
1790854778.820197 -3056.326182
1790854778.920197 -3056.334600
1790854779.020197 -3056.342978
1790854779.120197 -3056.351317
1790854779.220197 -3056.359618
1790854779.320197 -3056.367879
1790854779.420197 -3056.376101
1790854779.520197 -3056.384284
1790854779.620197 -3056.392429
1790854779.720197 -3056.400534
1790854779.820197 -3056.408600
1790854779.920197 -3056.416628
1790854780.020197 -3056.424617
1790854780.120197 -3056.432567
1790854780.220197 -3056.440478
1790854780.320197 -3056.448350
1790854780.420197 -3056.456184
1790854780.520197 -3056.463978
1790854780.620197 -3056.471735
1790854780.720197 -3056.479452
1790854780.820197 -3056.487131
1790854780.920197 -3056.494771
1790854781.020197 -3056.502373
1790854781.120197 -3056.509936
1790854781.220197 -3056.517460
1790854781.320197 -3056.524946
1790854781.420197 -3056.532394
1790854781.520197 -3056.539803
1790854781.620197 -3056.547173
1790854781.720197 -3056.554506
1790854781.820197 -3056.561799
1790854781.920197 -3056.569055
1790854782.020197 -3056.576272
1790854782.120197 -3056.583450
1790854782.220197 -3056.590591
1790854782.320197 -3056.597693
1790854782.420197 -3056.604757
1790854782.520197 -3056.611783
1790854782.620197 -3056.618770
1790854782.720197 -3056.625719
1790854782.820197 -3056.632630
1790854782.920197 -3056.639504
1790854783.020197 -3056.646338
1790854783.120197 -3056.653135
1790854783.220197 -3056.659894
1790854783.320197 -3056.666615
1790854783.420197 -3056.673298
1790854783.520197 -3056.679942
1790854783.620197 -3056.686549
1790854783.720197 -3056.693118
1790854783.820197 -3056.699649
1790854783.920197 -3056.706142
1790854784.020197 -3056.712597
1790854784.120197 -3056.719015
1790854784.220197 -3056.725394
1790854784.320197 -3056.731736
1790854784.420197 -3056.738040
1790854784.520197 -3056.744307
1790854784.620197 -3056.750535
1790854784.720197 -3056.756726
1790854784.820197 -3056.762880
1790854784.920197 -3056.768995
1790854785.020197 -3056.775073
1790854785.120197 -3056.781114
1790854785.220197 -3056.787116
1790854785.320197 -3056.793082
1790854785.420197 -3056.799010
1790854785.520197 -3056.804900
1790854785.620197 -3056.810753
1790854785.720197 -3056.816568
1790854785.820197 -3056.822346
1790854785.920197 -3056.828087
1790854786.020197 -3056.833790
1790854786.120197 -3056.839456
1790854786.220197 -3056.845084
1790854786.320197 -3056.850675
1790854786.420197 -3056.856229
1790854786.520197 -3056.861746
1790854786.620197 -3056.867225
1790854786.720197 -3056.872668
1790854786.820197 -3056.878073
1790854786.920197 -3056.883441
1790854787.020197 -3056.888771
1790854787.120197 -3056.894065
1790854787.220197 -3056.899321
1790854787.320197 -3056.904541
1790854787.420197 -3056.909723
1790854787.520197 -3056.914869
1790854787.620197 -3056.919977
1790854787.720197 -3056.925049
1790854787.820197 -3056.930083
1790854787.920197 -3056.935081
1790854788.020197 -3056.940041
1790854788.120197 -3056.944965
1790854788.220197 -3056.949852
1790854788.320197 -3056.954702
1790854788.420197 -3056.959515
1790854788.520197 -3056.964292
1790854788.620197 -3056.969032
1790854788.720197 -3056.973734
1790854788.820197 -3056.978401
1790854788.920197 -3056.983030
1790854789.020197 -3056.987623
1790854789.120197 -3056.992179
1790854789.220197 -3056.996699
1790854789.320197 -3057.001182
1790854789.420197 -3057.005629
1790854789.520197 -3057.010038
1790854789.620197 -3057.014412
1790854789.720197 -3057.018749
1790854789.820197 -3057.023049
1790854789.920197 -3057.027313
1790854790.020197 -3057.031540
1790854790.120197 -3057.035731
1790854790.220197 -3057.039886
1790854790.320197 -3057.044004
1790854790.420197 -3057.048086
1790854790.520197 -3057.052132
1790854790.620197 -3057.056141
1790854790.720197 -3057.060114
1790854790.820197 -3057.064051
1790854790.920197 -3057.067951
1790854791.020197 -3057.071816
1790854791.120197 -3057.075644
1790854791.220197 -3057.079436
1790854791.320197 -3057.083191
1790854791.420197 -3057.086911
1790854791.520197 -3057.090595
1790854791.620197 -3057.094242
1790854791.720197 -3057.097854
1790854791.820197 -3057.101429
1790854791.920197 -3057.104968
1790854792.020197 -3057.108472
1790854792.120197 -3057.111939
1790854792.220197 -3057.115371
1790854792.320197 -3057.118766
1790854792.420197 -3057.122126
1790854792.520197 -3057.125450
1790854792.620197 -3057.128738
1790854792.720197 -3057.131990
1790854792.820197 -3057.135206
1790854792.920197 -3057.138386
1790854793.020197 -3057.141531
1790854793.120197 -3057.144640
1790854793.220197 -3057.147714
1790854793.320197 -3057.150751
1790854793.420197 -3057.153753
1790854793.520197 -3057.156719
1790854793.620197 -3057.159650
1790854793.720197 -3057.162545
1790854793.820197 -3057.165404
1790854793.920197 -3057.168228
1790854794.020197 -3057.171017
1790854794.120197 -3057.173769
1790854794.220197 -3057.176487
1790854794.320197 -3057.179168
1790854794.420197 -3057.181815
1790854794.520197 -3057.184426
1790854794.620197 -3057.187001
1790854794.720197 -3057.189541
1790854794.820197 -3057.192046
1790854794.920197 -3057.194515
1790854795.020197 -3057.196950
1790854795.120197 -3057.199348
1790854795.220197 -3057.201712
1790854795.320197 -3057.204040
1790854795.420197 -3057.206333
1790854795.520197 -3057.208591
1790854795.620197 -3057.210813
1790854795.720197 -3057.213001
1790854795.820197 -3057.215153
1790854795.920197 -3057.217270
1790854796.020197 -3057.219352
1790854796.120197 -3057.221399
1790854796.220197 -3057.223411
1790854796.320197 -3057.225388
1790854796.420197 -3057.227330
1790854796.520197 -3057.229237
1790854796.620197 -3057.231108
1790854796.720197 -3057.232945
1790854796.820197 -3057.234747
1790854796.920197 -3057.236514
1790854797.020197 -3057.238246
1790854797.120197 -3057.239944
1790854797.220197 -3057.241606
1790854797.320197 -3057.243234
1790854797.420197 -3057.244826
1790854797.520197 -3057.246384
1790854797.620197 -3057.247908
1790854797.720197 -3057.249396
1790854797.820197 -3057.250850
1790854797.920197 -3057.252269
1790854798.020197 -3057.253653
1790854798.120197 -3057.255003
1790854798.220197 -3057.256318
1790854798.320197 -3057.257598
1790854798.420197 -3057.258844
1790854798.520197 -3057.260055
1790854798.620197 -3057.261232
1790854798.720197 -3057.262374
1790854798.820197 -3057.263482
1790854798.920197 -3057.264555
1790854799.020197 -3057.265594
1790854799.120197 -3057.266598
1790854799.220197 -3057.267568
1790854799.320197 -3057.268503
1790854799.420197 -3057.269404
1790854799.520197 -3057.270271
1790854799.620197 -3057.271103
1790854799.720197 -3057.271901
1790854799.820197 -3057.272665
1790854799.920197 -3057.273395
1790854800.020197 -3057.274090
1790854800.120197 -3057.274751
1790854800.220197 -3057.275377
1790854800.320197 -3057.275970
1790854800.420197 -3057.276528
1790854800.520197 -3057.277052
1790854800.620197 -3057.277542
1790854800.720197 -3057.277998
1790854800.820197 -3057.278420
1790854800.920197 -3057.278808
1790854801.020197 -3057.279161
1790854801.120197 -3057.279481
1790854801.220197 -3057.279767
1790854801.320197 -3057.280018
1790854801.420197 -3057.280236
1790854801.520197 -3057.280419
1790854801.620197 -3057.280569
1790854801.720197 -3057.280685
1790854801.820197 -3057.280767
1790854801.920197 -3057.280815
1790854802.020197 -3057.280829
1790854802.120197 -3057.280810
1790854802.220197 -3057.280756
1790854802.320197 -3057.280669
1790854802.420197 -3057.280548
1790854802.520197 -3057.280393
1790854802.620197 -3057.280205
1790854802.720197 -3057.279983
1790854802.820197 -3057.279727
1790854802.920197 -3057.279437
1790854803.020197 -3057.279114
1790854803.120197 -3057.278757
1790854803.220197 -3057.278367
1790854803.320197 -3057.277943
1790854803.420197 -3057.277485
1790854803.520197 -3057.276994
1790854803.620197 -3057.276470
1790854803.720197 -3057.275911
1790854803.820197 -3057.275320
1790854803.920197 -3057.274695
1790854804.020197 -3057.274036
1790854804.120197 -3057.273344
1790854804.220197 -3057.272619
1790854804.320197 -3057.271860
1790854804.420197 -3057.271068
1790854804.520197 -3057.270242
1790854804.620197 -3057.269383
1790854804.720197 -3057.268491
1790854804.820197 -3057.267566
1790854804.920197 -3057.266607
1790854805.020197 -3057.265615
1790854805.120197 -3057.264590
1790854805.220197 -3057.263531
1790854805.320197 -3057.262440
1790854805.420197 -3057.261315
1790854805.520197 -3057.260157
1790854805.620197 -3057.258966
1790854805.720197 -3057.257742
1790854805.820197 -3057.256485
